
//{{BLOCK(blood_blade_animation)

//======================================================================
//
//	blood_blade_animation, 6000x160@4, 
//	+ 627 tiles (t|f|p reduced) not compressed
//	+ regular map (flat), not compressed, 25x1 
//	Metatiled by 30x20
//	Total size: 20064 + 30000 + 50 = 50114
//
//	Time-stamp: 2026-08-16, 22:28:41
//	Exported by Cearn's GBA Image Transmogrifier, v0.8.3
//	( http://www.coranac.com/projects/#grit )
//
//======================================================================

const unsigned int blood_blade_animTiles[5016] __attribute__((aligned(4)))=
{
	0x00000000,0x00000000,0x00000000,0x00000000,0x00000000,0x00000000,0x00000000,0x00000000,
	0x00000000,0x00000000,0x00000000,0x00000000,0x00001100,0x00012210,0x00012210,0x00001100,
	0x00000000,0x00000000,0x00000000,0x00000000,0x00000000,0x00000000,0x00000000,0x00011100,
	0x00000000,0x00000000,0x10000000,0x10000000,0x10000000,0x11000000,0x11000000,0x21000000,
	0x00122110,0x01222121,0x01121122,0x12211122,0x12212111,0x12122122,0x12122122,0x01112111,
	0x21000000,0x10000000,0x10000000,0x00000000,0x00000000,0x00000000,0x00000000,0x00000000,
	0x01211122,0x01121122,0x00122122,0x00012121,0x00001110,0x00000000,0x00000000,0x00000000,
	0x00000000,0x00000000,0x00000000,0x00000000,0x00000000,0x00000000,0x00000000,0x00111100,

	0x00000000,0x10000000,0x21000000,0x11100000,0x21210000,0x21210000,0x12221000,0x12221000,
	0x11222211,0x22222222,0x22222222,0x22222222,0x22222221,0x12222212,0x21222212,0x22122122,
	0x00000000,0x00000001,0x00000012,0x00000012,0x00000112,0x00000111,0x00000121,0x00001221,
	0x12222100,0x12222100,0x12222100,0x12222100,0x21222100,0x22122210,0x22211210,0x22222110,
	0x22211222,0x22212122,0x12122212,0x11222221,0x12222221,0x12222221,0x21222221,0x21222221,
	0x00001221,0x00001221,0x00001222,0x00001222,0x00001222,0x00001222,0x00000121,0x00000112,
	0x11111110,0x22222210,0x22222210,0x22222210,0x22222100,0x22222100,0x22222100,0x22221000,
	0x11111111,0x22122221,0x22122212,0x22122212,0x22122212,0x22212212,0x22212212,0x12212212,

	0x00000111,0x00000122,0x00000122,0x00000012,0x00000012,0x00000001,0x00000001,0x00000000,
	0x22221000,0x22210000,0x21100000,0x10000000,0x00000000,0x00000000,0x00000000,0x00000000,
	0x01212122,0x00121122,0x00011122,0x00000111,0x00000000,0x00000000,0x00000000,0x00000000,
	0x00000000,0x00000000,0x00000000,0x00000000,0x00000000,0x10000000,0x21100000,0x11210000,
	0x00000000,0x00000000,0x00000000,0x11110000,0x22221110,0x22222221,0x22222222,0x22222222,
	0x00000000,0x00000000,0x00000000,0x00000001,0x00000112,0x00001222,0x00012222,0x00122222,
	0x00000000,0x00000000,0x00000000,0x00000000,0x10000000,0x21000000,0x22100000,0x22100000,
	0x11221000,0x21222100,0x21222210,0x21222221,0x21222222,0x21222222,0x21222222,0x21222222,

	0x22222222,0x22222221,0x22222221,0x22222212,0x22222212,0x22222122,0x22222122,0x22221222,
	0x01222222,0x12222222,0x22222222,0x22222222,0x22222222,0x22222222,0x22222222,0x22222222,
	0x00000000,0x00000000,0x00000001,0x00000012,0x00000012,0x00000122,0x00000122,0x00000122,
	0x22210000,0x22210000,0x22221000,0x22221000,0x22222100,0x22222100,0x22222100,0x22222100,
	0x21222222,0x21222222,0x21222222,0x21222222,0x21222222,0x21222222,0x21222222,0x21222222,
	0x22221222,0x22212222,0x22212222,0x22122222,0x22122222,0x21222222,0x11222222,0x11112222,
	0x22222222,0x22222222,0x22222222,0x22222222,0x11222222,0x22111122,0x22222211,0x22222222,
	0x00000122,0x00001222,0x00001222,0x00001112,0x00001211,0x00001212,0x00001221,0x00001221,

	0x22222100,0x22222210,0x22222210,0x11222210,0x22111210,0x22222110,0x22211221,0x11122221,
	0x21222222,0x11122222,0x21211122,0x21222211,0x21222222,0x21222222,0x21222222,0x21222222,
	0x12221111,0x22222222,0x22222222,0x22222222,0x22222222,0x22222222,0x22222222,0x22222222,
	0x12222222,0x12222221,0x21222221,0x21222212,0x22122212,0x22212122,0x22212122,0x22221222,
	0x00012222,0x00012222,0x00012222,0x00012222,0x00012222,0x00001222,0x00001222,0x00001222,
	0x22222221,0x22222221,0x22222221,0x22222210,0x22222210,0x22222210,0x22222210,0x22222210,
	0x21222111,0x21211222,0x11122222,0x21222222,0x21222222,0x21222222,0x21222222,0x21222222,
	0x22222222,0x22222222,0x22222222,0x22222211,0x22211122,0x21122222,0x12222222,0x12222222,

	0x22221222,0x22212122,0x22212122,0x22122212,0x22122212,0x21222221,0x21222211,0x12211122,
	0x00001222,0x00001222,0x00000122,0x00000122,0x00000122,0x00000122,0x00000122,0x00000012,
	0x22222210,0x22222210,0x22222100,0x22222100,0x22222100,0x22222100,0x22221000,0x22221000,
	0x21222222,0x21222222,0x22122222,0x22122222,0x22212222,0x22212222,0x22221222,0x22222122,
	0x11122222,0x12222222,0x22222222,0x12222222,0x12222222,0x01222222,0x00122222,0x00012222,
	0x22210000,0x22100000,0x21000000,0x10000000,0x00000000,0x00000000,0x00000000,0x00000000,
	0x21222222,0x21222222,0x21222222,0x21222222,0x21222221,0x11222210,0x11221100,0x11110000,
	0x22222122,0x22222212,0x22222212,0x22222221,0x11222221,0x00112222,0x00001112,0x00000001,

	0x00000000,0x00000000,0x00000000,0x00000000,0x00000000,0x00000000,0x00000000,0x20000000,
	0x00000000,0x00000000,0x00000000,0x00000000,0x00002200,0x22221120,0x11121120,0x22222212,
	0x00000000,0x00000000,0x00000000,0x00000000,0x00000000,0x00000000,0x00000222,0x00002111,
	0x00000000,0x00000000,0x00000000,0x00000000,0x00000000,0x00000000,0x20000000,0x20000000,
	0x12200000,0x21120000,0x22212000,0x22221200,0x22222120,0x22222212,0x22222221,0x22222221,
	0x22221121,0x22212212,0x22212212,0x22212212,0x22212212,0x22122221,0x22122221,0x22122221,
	0x00021222,0x00212222,0x02122222,0x21222222,0x12222222,0x12222222,0x22222222,0x22222222,
	0x00000000,0x00000000,0x00000000,0x00000000,0x00000002,0x00000002,0x00000021,0x00000021,

	0x12000000,0x21200000,0x21200000,0x22120000,0x22120000,0x22122000,0x22211200,0x11211200,
	0x22222222,0x22222222,0x12222222,0x12222222,0x12222222,0x12222222,0x21222222,0x11111111,
	0x22122221,0x22122221,0x21222222,0x21222222,0x21222222,0x21222222,0x12222222,0x11111111,
	0x22222222,0x22222222,0x22222222,0x22222222,0x22222222,0x22222222,0x22222222,0x11111111,
	0x00000021,0x00000212,0x00000212,0x00000212,0x00000212,0x00002222,0x00021122,0x00021121,
	0x22122000,0x21221200,0x12221200,0x22221200,0x22221200,0x22221200,0x22221200,0x22221200,
	0x21222222,0x21222222,0x21222222,0x22122221,0x22122212,0x22122122,0x22121222,0x22112222,
	0x12222222,0x12222222,0x12222222,0x22222222,0x22222222,0x22222222,0x22222222,0x22222222,

	0x22222222,0x12222222,0x21222222,0x22122221,0x22212221,0x22221221,0x22222121,0x22222211,
	0x00002221,0x00002122,0x00002122,0x00000212,0x00000212,0x00000212,0x00000212,0x00000212,
	0x22222120,0x22222120,0x22222120,0x22222120,0x22222120,0x22222120,0x22221200,0x22221200,
	0x22112222,0x21212222,0x12212222,0x22212222,0x22221222,0x22221222,0x22221222,0x22221222,
	0x22222222,0x12222222,0x21222222,0x22122221,0x22212212,0x22221122,0x22221122,0x22212212,
	0x22222211,0x22222212,0x22222212,0x22222212,0x22222122,0x12222122,0x12222122,0x12222122,
	0x00000212,0x00000212,0x00000021,0x00000021,0x00000021,0x00000002,0x00000002,0x00000002,
	0x22221200,0x22221200,0x22212000,0x22212000,0x22212000,0x22120000,0x22120000,0x21200000,

	0x22221222,0x12222122,0x21222122,0x22122122,0x22212122,0x22221212,0x22222112,0x22222212,
	0x22122221,0x21222222,0x12222222,0x22222222,0x22222222,0x22222222,0x22222222,0x22222222,
	0x21222122,0x21221222,0x02121222,0x00211221,0x00222212,0x00211222,0x00211222,0x00022212,
	0x22000000,0x12000000,0x12000000,0x20000000,0x00000000,0x00000000,0x00000000,0x00000000,
	0x22222222,0x22222221,0x22222221,0x22211122,0x11122200,0x22200000,0x00000000,0x00000000,
	0x22222222,0x11222222,0x22112222,0x00221112,0x00002221,0x00000002,0x00000000,0x00000000,
	0x00000021,0x00000002,0x00000000,0x00000000,0x00000000,0x00000000,0x00000000,0x00000000,
	0x00000000,0x00000000,0x00000000,0x00000000,0x20000000,0x12220000,0x12112220,0x22221112,

	0x00000000,0x00000000,0x00000000,0x00000000,0x00000002,0x00000021,0x00000221,0x00002112,
	0x00000000,0x00000000,0x00000000,0x00000000,0x00000000,0x00000000,0x22200000,0x21120000,
	0x12222221,0x11222222,0x11222222,0x12122222,0x12122222,0x12212222,0x12212222,0x12221222,
	0x21120000,0x12200000,0x11200000,0x12120000,0x22120000,0x22120000,0x22212000,0x22212000,
	0x22222222,0x22222211,0x22221122,0x22112222,0x11222221,0x22222221,0x22222212,0x12222212,
	0x12221222,0x12222122,0x12222122,0x12222212,0x12222212,0x12222211,0x12211121,0x11122222,
	0x22222222,0x22222222,0x22222222,0x22222222,0x22222222,0x22222222,0x22222222,0x22222222,
	0x00000021,0x00000212,0x00000212,0x00000212,0x00000212,0x00002122,0x00002122,0x00002122,

	0x22212000,0x22221200,0x22221200,0x22221200,0x22221200,0x22221200,0x22221200,0x22221200,
	0x12222122,0x21222122,0x21221222,0x21221222,0x22112222,0x22112222,0x22112222,0x22112222,
	0x12222222,0x12222222,0x12222222,0x12222222,0x12222222,0x12222222,0x12222222,0x12222222,
	0x22222221,0x22222112,0x22211222,0x21122222,0x12222222,0x22222222,0x22222222,0x12222222,
	0x00002122,0x00002122,0x00002122,0x00000212,0x00002211,0x00021122,0x00021122,0x00002211,
	0x21221222,0x21221222,0x12222122,0x12222122,0x12222212,0x22222212,0x22222221,0x11222221,
	0x12222222,0x12222222,0x12222222,0x12222222,0x11112222,0x12221121,0x12222211,0x12222212,
	0x21122222,0x22211222,0x22222112,0x22222221,0x22222222,0x12222222,0x12222222,0x12222222,

	0x12221200,0x12221200,0x21212000,0x11222000,0x22211200,0x22211200,0x22122000,0x21200000,
	0x22112222,0x22221122,0x22222211,0x22222222,0x22222222,0x22222222,0x22222222,0x22222222,
	0x12222212,0x12222122,0x12222122,0x12221222,0x12221222,0x12212222,0x12212222,0x12122222,
	0x21222222,0x21222222,0x02122222,0x00212222,0x00212222,0x00021222,0x00002122,0x00000212,
	0x22222222,0x22222221,0x22222212,0x22211120,0x11122200,0x22200000,0x00000000,0x00000000,
	0x12122222,0x21222222,0x12112222,0x12221112,0x20002221,0x00000002,0x00000000,0x00000000,
	0x00000021,0x00000002,0x00000021,0x00000021,0x00000002,0x00000000,0x00000000,0x00000000,
	0x00000000,0x00000000,0x00000000,0x00000000,0x00000000,0x22220000,0x11112220,0x22221112,

	0x12200000,0x21120000,0x22212220,0x22222112,0x22222112,0x22221222,0x22212121,0x22122121,
	0x22222221,0x22222222,0x22222222,0x22222222,0x22222222,0x22222222,0x22222222,0x22222222,
	0x02221222,0x21122222,0x21122222,0x22212222,0x12211222,0x12212122,0x22221212,0x22221221,
	0x12000000,0x21200000,0x21200000,0x22120000,0x22120000,0x22120000,0x22212000,0x22212000,
	0x21222122,0x12222122,0x22221222,0x22221222,0x22221222,0x22221222,0x22221222,0x22212222,
	0x12222222,0x21222222,0x22122221,0x22212212,0x22221122,0x22221122,0x22212212,0x22122221,
	0x22221222,0x22221222,0x22222122,0x22222122,0x22222122,0x22222122,0x22222122,0x22222212,
	0x12212222,0x21212222,0x22112222,0x22112222,0x22121222,0x22122122,0x22122212,0x22122221,

	0x21222222,0x12222222,0x22222222,0x22222222,0x22222222,0x22222222,0x22222222,0x22222222,
	0x22222212,0x22222212,0x22222211,0x22222211,0x22222121,0x22221221,0x22212221,0x22122221,
	0x00002122,0x00002122,0x00002122,0x00000212,0x00000212,0x00000212,0x00000212,0x00000212,
	0x12222120,0x21222120,0x22122122,0x11111211,0x22222211,0x22222122,0x22221200,0x22221200,
	0x21222222,0x21222222,0x21222222,0x11111111,0x21222222,0x12222222,0x12222222,0x12222222,
	0x12222222,0x12222222,0x12222222,0x11111111,0x12222222,0x21222222,0x21222222,0x21222222,
	0x21222222,0x12222222,0x22222222,0x11111111,0x22222222,0x12222222,0x12222222,0x12222222,
	0x00000212,0x00000212,0x00000221,0x00002112,0x00002112,0x00000222,0x00000002,0x00000002,

	0x21222222,0x22122221,0x22122221,0x22122221,0x22122221,0x22122221,0x22212212,0x22212212,
	0x22212212,0x11212212,0x22112222,0x00221122,0x00021121,0x00002202,0x00000000,0x00000000,
	0x00000000,0x00000000,0x00000000,0x00000000,0x00000000,0x00000000,0x02200000,0x21120000,
	0x21120000,0x12220000,0x11212000,0x21221200,0x21222120,0x21222212,0x21222221,0x21222221,
	0x22222221,0x22222222,0x22222222,0x22222221,0x22222221,0x22222212,0x22222212,0x22222122,
	0x00000000,0x00000000,0x00000000,0x00000000,0x00000002,0x00000222,0x00002112,0x00002112,
	0x21222222,0x21222222,0x21222222,0x21222222,0x21222222,0x21222222,0x21222222,0x11222222,
	0x22222122,0x22221222,0x22221222,0x22212222,0x11212222,0x22112222,0x22121112,0x21222221,

	0x11222222,0x12112222,0x21221122,0x21222211,0x22122222,0x22122222,0x22212222,0x22212222,
	0x00000221,0x00000212,0x00000212,0x00000212,0x00000212,0x00002122,0x00002122,0x00002122,
	0x22212000,0x22221200,0x22221200,0x12221200,0x21121220,0x22212112,0x22212112,0x21121220,
	0x21122222,0x21211222,0x21222112,0x21222221,0x21222222,0x21222222,0x21222222,0x21222222,
	0x21222222,0x12222222,0x12222222,0x12222222,0x22222222,0x22222222,0x22222222,0x22222222,
	0x22221222,0x22221222,0x22222122,0x22222122,0x22222211,0x22222211,0x22222211,0x22222211,
	0x12222120,0x22222120,0x22222120,0x22222120,0x22222120,0x22222120,0x22221200,0x22221200,
	0x21222221,0x21222112,0x21211222,0x21122222,0x11222222,0x21222222,0x21222222,0x21222222,

	0x12222222,0x12222222,0x21222222,0x21222222,0x21222211,0x22121122,0x22112222,0x11212222,
	0x22222122,0x22222122,0x22221222,0x22221222,0x22212222,0x12212222,0x12122222,0x12122222,
	0x22212222,0x22221222,0x22221222,0x22222122,0x22222122,0x22222212,0x22222212,0x22222221,
	0x21222211,0x22221122,0x11212222,0x11212222,0x22212222,0x00021222,0x00002122,0x00000212,
	0x00000000,0x00000000,0x00000002,0x00000002,0x00000000,0x00000000,0x00000000,0x00000000,
	0x21222222,0x11222221,0x11222212,0x22211120,0x21122200,0x21120000,0x02200000,0x00000000,
	0x22222221,0x11222222,0x22112222,0x00221112,0x00002221,0x00000002,0x00000000,0x00000000,
	0x12222222,0x12222222,0x12222222,0x22222222,0x22222222,0x11111122,0x11111122,0x11112222,

	0x22222222,0x12222222,0x21222222,0x22122221,0x22222222,0x11111111,0x22222221,0x11122111,
	0x00002221,0x00002122,0x00002122,0x00000212,0x22222222,0x11111111,0x22222222,0x11111111,
	0x00000000,0x00000000,0x00000000,0x00000000,0x02222222,0x21111111,0x11122222,0x22211111,
	0x00000000,0x00000000,0x00000000,0x00000000,0x00000000,0x00000222,0x22222111,0x11111112,
	0x00000000,0x00000000,0x00000000,0x00000000,0x00000000,0x00000000,0x00000000,0x00002222,
	0x11222222,0x22222222,0x21222222,0x22122221,0x22212212,0x22221122,0x22221122,0x22212212,
	0x12211111,0x21111111,0x11111122,0x11112212,0x12222122,0x22222122,0x12222122,0x12222122,
	0x11111111,0x11111122,0x11112211,0x12221111,0x21111111,0x11111122,0x11122222,0x22200002,

	0x11111111,0x11111111,0x11111111,0x11111111,0x11111112,0x11111221,0x22222111,0x11111111,
	0x11222221,0x22111111,0x11111111,0x11111111,0x11111111,0x11111111,0x11111112,0x11222221,
	0x22221111,0x11111122,0x12222211,0x21111111,0x11111111,0x11111111,0x11111111,0x11111111,
	0x00000000,0x00022222,0x22211111,0x11111222,0x22222111,0x12111111,0x11211111,0x11121111,
	0x00000000,0x00000000,0x00000002,0x00022221,0x00002111,0x00000211,0x00000021,0x00000002,
	0x11112222,0x22220000,0x00000000,0x00000000,0x00000000,0x00000000,0x00000000,0x00000000,
	0x22111111,0x11111112,0x11222220,0x22000000,0x00000000,0x00000000,0x00000000,0x00000000,
	0x11111222,0x22222111,0x11111111,0x11111222,0x22222000,0x00000000,0x00000000,0x00000000,

	0x21112221,0x02111112,0x00221111,0x00002221,0x00000002,0x00000000,0x00000000,0x00000000,
	0x22222222,0x12222222,0x21222222,0x22122221,0x22212222,0x22222222,0x22222222,0x22112222,
	0x00002221,0x00002122,0x00002122,0x00000212,0x00000212,0x00000212,0x00000212,0x00000222,
	0x00000000,0x00000000,0x00000000,0x00000000,0x00000000,0x02000000,0x02200000,0x02120000,
	0x11122222,0x22222222,0x22222212,0x22222212,0x22222122,0x12222122,0x12222122,0x12222122,
	0x02222211,0x21111122,0x11222221,0x22000021,0x00000021,0x00000002,0x00000002,0x00000002,
	0x00000000,0x00002222,0x22221111,0x11111222,0x22222000,0x00000000,0x00000000,0x00000000,
	0x00000000,0x00000000,0x00000000,0x00022222,0x22211111,0x11122222,0x22200000,0x00000000,

	0x00000000,0x00000000,0x00000000,0x00000000,0x00000022,0x00222211,0x22111122,0x11222200,
	0x00000000,0x00000000,0x00000000,0x00000000,0x20000000,0x12222220,0x12222222,0x11222222,
	0x02112000,0x02111200,0x21121120,0x21122112,0x11121211,0x11121121,0x22211112,0x11111112,
	0x00000000,0x00000000,0x00000000,0x00000000,0x00000222,0x02222111,0x21111111,0x11112222,
	0x22000000,0x00000000,0x00000000,0x00000000,0x20000000,0x20000000,0x00000000,0x00000000,
	0x11222222,0x11222222,0x11222220,0x11222022,0x12000211,0x12000211,0x12000022,0x20000000,
	0x11111112,0x11122112,0x22211112,0x11111121,0x11111121,0x11122211,0x22211111,0x11111112,
	0x22221111,0x11111111,0x11111112,0x11111221,0x22111111,0x11111111,0x11111122,0x12222211,

	0x11111112,0x11122221,0x22211111,0x11111111,0x11111112,0x12222221,0x21111111,0x11111111,
	0x00002222,0x22221111,0x11111122,0x11222211,0x22111111,0x11111111,0x11111122,0x22211111,
	0x00000000,0x00000002,0x00022221,0x22211111,0x11111222,0x22222111,0x11111111,0x11111112,
	0x00000000,0x00000000,0x00000000,0x00000022,0x00222211,0x22111111,0x11112222,0x22221111,
	0x00000000,0x00000000,0x00000000,0x00000000,0x00000000,0x00000222,0x02222111,0x21111112,
	0x00000000,0x00000000,0x00000000,0x00000000,0x00000000,0x00000000,0x00000000,0x00000222,
	0x00000000,0x00000000,0x22200000,0x12000000,0x20000000,0x00000000,0x00000000,0x00000000,
	0x11111120,0x22111220,0x02111112,0x02111111,0x21111122,0x22222200,0x00000000,0x00000000,

	0x21111111,0x11111111,0x11122222,0x22200000,0x20000000,0x12222000,0x11120000,0x22200000,
	0x11112222,0x22221111,0x11111111,0x11111111,0x22221112,0x00021111,0x00021111,0x00211111,
	0x11111111,0x11111112,0x11222221,0x22111111,0x11111111,0x11122222,0x22200000,0x00000000,
	0x11122221,0x11111111,0x11111111,0x11111122,0x12222211,0x21111111,0x11111122,0x12222200,
	0x11111111,0x11111111,0x11111111,0x11111111,0x11111111,0x11112222,0x22221111,0x11111111,
	0x11122221,0x22211111,0x11111111,0x11111111,0x11111111,0x11111111,0x11111112,0x11222221,
	0x22222111,0x11111122,0x11222211,0x22111111,0x11111111,0x11111111,0x21111111,0x12221111,
	0x00000000,0x00002222,0x22221111,0x02111222,0x00211121,0x00021112,0x00002111,0x00000211,

	0x00222222,0x00000000,0x00000000,0x00000000,0x00000000,0x00000000,0x00000000,0x00000000,
	0x11112222,0x21111111,0x02221111,0x00002222,0x00000000,0x00000000,0x00000000,0x00000000,
	0x00000000,0x22200000,0x22220000,0x22220000,0x22220000,0x22200000,0x20000000,0x00000000,
	0x00000000,0x00000002,0x00000222,0x00022222,0x22211222,0x11112222,0x22220022,0x00000000,
	0x00000000,0x00000000,0x00000000,0x00000000,0x00000002,0x00222221,0x22111112,0x11122220,
	0x00000000,0x00000000,0x00000000,0x00000000,0x00000000,0x00000000,0x00000222,0x02222111,
	0x00000000,0x00000000,0x00200000,0x00220000,0x00212000,0x00211200,0x00211120,0x02112112,
	0x21111122,0x12222200,0x20000000,0x00000000,0x00000000,0x00000000,0x00000000,0x00000000,

	0x00002222,0x22221111,0x11112222,0x22220000,0x00000000,0x00000000,0x00000000,0x00000000,
	0x00000000,0x00000002,0x00022221,0x22211112,0x21122220,0x22200000,0x20000000,0x00000000,
	0x20000000,0x12000000,0x11222222,0x21222222,0x21122222,0x21122222,0x21122222,0x21122222,
	0x02112211,0x21112121,0x11112112,0x12221111,0x21111111,0x11111111,0x11112211,0x22221111,
	0x00000000,0x00000022,0x00222211,0x22111111,0x11111222,0x22222111,0x11111111,0x11111111,
	0x00000000,0x00000000,0x00000000,0x00000222,0x02222111,0x21111111,0x11112222,0x22221111,
	0x20000000,0x12000000,0x12000000,0x20000000,0x00000000,0x00000000,0x00000000,0x00000000,
	0x11122202,0x11200021,0x11200021,0x11200002,0x22000000,0x00000000,0x00000000,0x22220000,

	0x11111112,0x11111112,0x11112221,0x22221111,0x11111111,0x11111112,0x12211122,0x20211111,
	0x11111122,0x22211111,0x11111111,0x11111112,0x11222221,0x22111111,0x11111111,0x11112222,
	0x11111111,0x11111111,0x11222222,0x22111111,0x11111111,0x11111222,0x22222111,0x11111111,
	0x11122221,0x22211111,0x11111111,0x11111112,0x22221111,0x11111111,0x11111111,0x11122222,
	0x22221111,0x11111122,0x12222211,0x21111111,0x11111111,0x11112222,0x11111111,0x11111111,
	0x00000002,0x00022221,0x22211111,0x11111222,0x22222111,0x11111111,0x11111111,0x11111111,
	0x00000000,0x00000000,0x00000022,0x00222211,0x22111111,0x11112222,0x22221111,0x11111111,
	0x00000000,0x00000000,0x00000000,0x00000000,0x00000022,0x02222211,0x21111112,0x11122221,

	0x11200000,0x22000000,0x00000000,0x00000000,0x00000000,0x00000000,0x00000000,0x00000000,
	0x00211111,0x02111112,0x02222220,0x00000000,0x00000000,0x00000000,0x00000000,0x00000000,
	0x12220000,0x22000000,0x11222200,0x11112000,0x12220000,0x20000000,0x00000000,0x00000000,
	0x11111111,0x12222111,0x20002111,0x00002111,0x00021111,0x00022222,0x00000000,0x00000000,
	0x22211111,0x11111111,0x11112222,0x22220000,0x00000000,0x00000000,0x00000000,0x00000000,
	0x11111112,0x11222221,0x22111111,0x11111112,0x11222220,0x22000000,0x00000000,0x00000000,
	0x11111111,0x11111111,0x11111222,0x22222111,0x11111111,0x11111222,0x22222000,0x00000000,
	0x11111111,0x11111111,0x11111111,0x11111111,0x11122222,0x22211111,0x11111111,0x11122222,

	0x22211111,0x11111111,0x21111111,0x12111111,0x11222111,0x11111222,0x22111111,0x00222111,
	0x00211122,0x00021112,0x00002111,0x00000211,0x00000021,0x00000002,0x00000000,0x00000000,
	0x00000000,0x00000000,0x00000000,0x20000000,0x20000000,0x22000000,0x22000000,0x12000000,
	0x00000000,0x00000000,0x00000000,0x00000000,0x00000000,0x02000000,0x02200000,0x00222000,
	0x00000000,0x00000000,0x00000000,0x00000000,0x22000000,0x22200000,0x22200000,0x22200000,
	0x00000000,0x00000000,0x00000000,0x00000000,0x00000022,0x00002222,0x00222222,0x22112222,
	0x00000000,0x00000000,0x00000000,0x00000000,0x00000000,0x00000000,0x00000000,0x00000022,
	0x00000000,0x00000000,0x00000000,0x00000000,0x00000000,0x20000000,0x12000000,0x11220000,

	0x11200000,0x11120000,0x11112000,0x11111200,0x11111122,0x11111111,0x11111111,0x11111111,
	0x00000021,0x00000211,0x00002111,0x00221111,0x22111111,0x11111111,0x11111111,0x11111111,
	0x00000000,0x00000000,0x00000000,0x00000000,0x22222222,0x11111111,0x11111111,0x11111111,
	0x00000000,0x20000000,0x12200000,0x11122220,0x11111112,0x11111111,0x11111111,0x11111111,
	0x00211220,0x00021112,0x00002111,0x00002111,0x00000211,0x00000211,0x00000021,0x00000021,
	0x11122222,0x22200222,0x00000000,0x00000000,0x00000000,0x00000000,0x00000000,0x00000000,
	0x02222211,0x21111122,0x11222200,0x22000000,0x00000000,0x00000000,0x00000000,0x00000000,
	0x11222200,0x22000000,0x00000000,0x00000000,0x00000222,0x02222111,0x21111111,0x11112222,

	0x11111111,0x11112222,0x22220000,0x00000000,0x00000000,0x00000000,0x00002222,0x22221111,
	0x11111111,0x11111111,0x11111122,0x22222200,0x00000000,0x00000000,0x00000000,0x00000000,
	0x11111111,0x11111111,0x11111111,0x11111111,0x11222222,0x22000000,0x00000000,0x00000000,
	0x11111111,0x11111111,0x11111111,0x11111111,0x11111111,0x11111122,0x11112200,0x11220000,
	0x00000002,0x00000002,0x00000002,0x00000002,0x00000002,0x00000002,0x00000002,0x00000002,
	0x22000000,0x00000000,0x00000000,0x00000022,0x00222211,0x22111111,0x11112222,0x22221111,
	0x00000021,0x00000222,0x00002200,0x00000000,0x00000000,0x00000222,0x02222111,0x21111112,
	0x22220000,0x12200000,0x20000000,0x00000000,0x00000000,0x00000000,0x00000000,0x00000000,

	0x00000000,0x00022222,0x22211112,0x11111220,0x11122000,0x11200000,0x22000000,0x00000000,
	0x00222222,0x00000000,0x00000022,0x02222211,0x21111111,0x11111111,0x11111111,0x11111112,
	0x00000000,0x00000000,0x00000000,0x22200000,0x11122222,0x21111111,0x02111111,0x00211111,
	0x20000000,0x00000000,0x00000000,0x00000022,0x00000002,0x00000000,0x00000000,0x00000000,
	0x11111220,0x11112000,0x11120000,0x11200000,0x12000000,0x12000000,0x20000000,0x20000000,
	0x00211111,0x00021111,0x00021111,0x00002111,0x00002111,0x00002111,0x00000211,0x00000211,
	0x00000212,0x00000022,0x00000020,0x00000020,0x00000000,0x00000000,0x00000000,0x00000000,
	0x00000000,0x00000000,0x00000000,0x00000000,0x00000000,0x00000000,0x00000200,0x00002200,

	0x00002200,0x00021200,0x00021200,0x00211200,0x02111120,0x21111120,0x11111112,0x11111112,
	0x00000000,0x00000000,0x00000000,0x00000000,0x00000000,0x00000000,0x00000002,0x00000221,
	0x00000000,0x00000000,0x00000000,0x00000000,0x20000000,0x12000000,0x11220000,0x21112200,
	0x00000000,0x00000000,0x00000000,0x00000000,0x00000002,0x00000002,0x00000002,0x00000000,
	0x00000000,0x00000000,0x00000000,0x00222200,0x22222220,0x22222220,0x22222220,0x22222200,
	0x00000000,0x00000000,0x00000000,0x00000000,0x00000000,0x00000022,0x00222211,0x22111112,
	0x00000000,0x00000000,0x00000000,0x00000000,0x00000200,0x00000220,0x00000212,0x20000211,
	0x20000000,0x12000000,0x12000000,0x11200000,0x11120000,0x11112200,0x21111122,0x02222222,

	0x11111111,0x11111111,0x11111111,0x11111111,0x11111111,0x11111111,0x22222222,0x00000000,
	0x00002111,0x00021111,0x02211111,0x21111111,0x11111111,0x11111111,0x11111122,0x22222200,
	0x00000000,0x00000000,0x00000000,0x22000002,0x11222221,0x11111111,0x11111111,0x11111112,
	0x00000000,0x22200000,0x11122200,0x11111122,0x11111111,0x11111111,0x11111111,0x11111111,
	0x02111122,0x00211111,0x00021111,0x00002111,0x00002111,0x00002111,0x00000211,0x00000211,
	0x02220000,0x00000000,0x00000000,0x00000000,0x00000000,0x00000000,0x00000000,0x00000000,
	0x11222220,0x22000000,0x00000000,0x00000000,0x00000000,0x00000000,0x00000000,0x00000000,
	0x22222111,0x11111122,0x12222200,0x20000000,0x00000000,0x00000000,0x00000000,0x00000000,

	0x00000000,0x00002222,0x22221111,0x11112222,0x22220000,0x00000000,0x00000000,0x00000000,
	0x00000000,0x00000000,0x00000002,0x00222221,0x22111112,0x11222220,0x22000000,0x00000000,
	0x00000000,0x00000000,0x00000000,0x00000000,0x22200022,0x22222211,0x22221122,0x22222200,
	0x12000000,0x11200000,0x21120000,0x12112000,0x11211222,0x11121222,0x11121122,0x11121122,
	0x00000211,0x00002112,0x00002112,0x02221112,0x21111112,0x11112221,0x22221111,0x11111111,
	0x00000000,0x00000000,0x00000000,0x00000000,0x00000222,0x22222111,0x11111111,0x11122222,
	0x11111111,0x11111112,0x11112220,0x11220000,0x12000000,0x20000000,0x00000000,0x00000000,
	0x00000211,0x00000211,0x00000211,0x00002111,0x00002111,0x00002111,0x00021112,0x00021120,

	0x22220000,0x22200000,0x20220000,0x02112000,0x02112000,0x00220000,0x00000000,0x00000000,
	0x21121122,0x11121122,0x11211122,0x11211200,0x22111200,0x11111200,0x11122000,0x11200000,
	0x11111112,0x11122221,0x12211111,0x11111111,0x11111112,0x11222221,0x22111111,0x11111111,
	0x22211111,0x11111111,0x11111111,0x11122211,0x22211111,0x11111111,0x11111222,0x22222111,
	0x11111112,0x11222221,0x22111111,0x11111111,0x11111222,0x11222111,0x11111111,0x11111111,
	0x00022222,0x22211111,0x11111122,0x12222211,0x21111111,0x11111111,0x11122221,0x22211111,
	0x00000000,0x00000002,0x00222221,0x22111111,0x11112222,0x22221111,0x11111111,0x11111112,
	0x00000000,0x00000000,0x00000000,0x00000022,0x02222211,0x21111111,0x11122222,0x22211111,

	0x00021200,0x00022000,0x00220000,0x00000000,0x00000000,0x00000222,0x02222111,0x21111112,
	0x12200000,0x11122220,0x11111200,0x11222000,0x22000000,0x00000000,0x00000000,0x00000000,
	0x11112211,0x22220211,0x00000211,0x00002111,0x20002222,0x00000000,0x00000000,0x00000000,
	0x11111111,0x11111112,0x11112220,0x11122000,0x11111222,0x11111112,0x11112220,0x22220000,
	0x11122222,0x22211111,0x11111111,0x11112222,0x22220002,0x00000002,0x00000021,0x00000022,
	0x11111111,0x11111122,0x11222211,0x22111111,0x11111112,0x11222220,0x22000000,0x00000000,
	0x11111111,0x11111111,0x11111111,0x11111222,0x22222111,0x11111111,0x11111222,0x22222000,
	0x11111111,0x11111111,0x11111111,0x11111111,0x11111111,0x11122222,0x22211111,0x11111111,

	0x11222221,0x22111111,0x11111111,0x11111111,0x11111111,0x11111111,0x11111122,0x22222211,
	0x22221111,0x11111122,0x12222211,0x11211111,0x11121111,0x21112111,0x02111222,0x00211111,
	0x00000000,0x00002222,0x00000211,0x00000021,0x00000002,0x00000000,0x00000000,0x00000000,
	0x00000000,0x00000000,0x00000000,0x00000000,0x20000000,0x00000000,0x00000000,0x00000000,
	0x00000000,0x00000000,0x00000000,0x00000000,0x00000222,0x00222112,0x22111220,0x11122000,
	0x00000000,0x00000000,0x00000000,0x00000000,0x00000000,0x00000000,0x22222222,0x11111111,
	0x00000000,0x00000000,0x00000000,0x00000000,0x00000000,0x22000000,0x11222222,0x11111111,
	0x00000000,0x00000000,0x00000000,0x22200000,0x21122200,0x02111122,0x00211111,0x00021111,

	0x11122222,0x22200000,0x00000000,0x00000002,0x00000000,0x00000000,0x00000000,0x00000000,
	0x11111111,0x11111122,0x22222200,0x00000000,0x00000000,0x00000000,0x00000000,0x00000000,
	0x00022111,0x00000222,0x00000000,0x00000000,0x00000000,0x00000000,0x00000000,0x00000000,
	0x11111111,0x11111112,0x11111120,0x11111200,0x11112000,0x11120000,0x11200000,0x12000000,
	0x11111111,0x11111111,0x11111111,0x11111111,0x11111111,0x21111111,0x21111111,0x02111111,
	0x00002111,0x00000211,0x00000021,0x00000002,0x00000002,0x00000000,0x00000000,0x00000000,
	0x02111111,0x00211112,0x00211112,0x00021112,0x00021120,0x00021200,0x00021200,0x00022000,
	0x00002000,0x00002000,0x00000000,0x00000000,0x00000000,0x00000000,0x00000000,0x00000000,

	0x02000000,0x22000000,0x12000000,0x12000000,0x12000000,0x12000000,0x20000000,0x20000000,
	0x00000000,0x00000000,0x00000002,0x00000021,0x00000211,0x00002111,0x00021111,0x00211111,
	0x20000000,0x20000000,0x20000000,0x12000000,0x12000000,0x12000000,0x12000000,0x11200000,
	0x02111111,0x21111111,0x11111111,0x11111111,0x11111111,0x11111111,0x11111111,0x11111111,
	0x00000000,0x00000000,0x00000022,0x00000211,0x00002111,0x00221111,0x22111111,0x11111111,
	0x00000000,0x00000000,0x00000000,0x00000000,0x00000000,0x22000000,0x11220000,0x11112220,
	0x00000000,0x00000000,0x00000000,0x00000220,0x00000212,0x00000021,0x00000002,0x00000002,
	0x00000000,0x00222200,0x22222220,0x22222220,0x22222220,0x22222200,0x02220000,0x00000000,

	0x00000000,0x00000000,0x00000000,0x00000022,0x00222211,0x22111112,0x11222220,0x22000000,
	0x00000000,0x00000000,0x00000000,0x00000000,0x00000000,0x00000002,0x00000002,0x00000000,
	0x00000000,0x00000000,0x00000000,0x00000000,0x00000000,0x20000000,0x12000000,0x11200000,
	0x00000000,0x00000000,0x00000200,0x00000220,0x00000212,0x00000211,0x00000211,0x00002112,
	0x11200000,0x11200000,0x11120000,0x21112200,0x02221120,0x00002222,0x00000000,0x00000000,
	0x11111111,0x11111111,0x22222111,0x00000222,0x00000000,0x00000000,0x00000000,0x00000000,
	0x11111111,0x22222221,0x00000002,0x00000000,0x00000000,0x00000000,0x00000000,0x00000000,
	0x00021111,0x00222222,0x00000000,0x00000000,0x00000000,0x00000000,0x00000000,0x00000000,

	0x00000000,0x22222220,0x11111112,0x11111220,0x11122000,0x12200000,0x20000000,0x00000000,
	0x22200000,0x11122222,0x11111111,0x11111111,0x11111111,0x11111111,0x11111112,0x11111220,
	0x21111112,0x21111111,0x21111111,0x02111111,0x00211111,0x00211111,0x00021111,0x00021111,
	0x22221111,0x11112222,0x22220000,0x00000000,0x00000000,0x00000000,0x00000000,0x00000000,
	0x00000002,0x00000021,0x22000002,0x11200000,0x22000000,0x00000000,0x00000000,0x00000000,
	0x00000000,0x00000000,0x22200022,0x22222211,0x22221122,0x02222200,0x00220000,0x00000000,
	0x21120000,0x12112000,0x11211220,0x11121220,0x11121120,0x11121120,0x21122220,0x11120020,
	0x00002112,0x02221112,0x21111112,0x11112221,0x22221111,0x11111111,0x11111112,0x11122221,

	0x00000000,0x00000000,0x00000222,0x22222111,0x11111111,0x11122222,0x22211111,0x11111111,
	0x00000000,0x00000000,0x00000000,0x00000000,0x00002222,0x22221111,0x11111112,0x11222221,
	0x00000000,0x00000000,0x00000000,0x00000000,0x00000000,0x00000000,0x00022222,0x22211111,
	0x11112000,0x11120000,0x11200000,0x11200000,0x12000000,0x12000000,0x20000000,0x20000000,
	0x00021111,0x00021111,0x00002111,0x00002111,0x00002111,0x00002111,0x00002111,0x00000211,
	0x11212000,0x11212000,0x22112000,0x11112000,0x11122000,0x11200000,0x12200000,0x11122220,
	0x12211111,0x11111111,0x11211112,0x11222221,0x22202111,0x11200211,0x12000021,0x20000002,
	0x11111111,0x11122211,0x22211111,0x11121111,0x11122222,0x22220211,0x11120021,0x11120002,

	0x22111111,0x11111111,0x11111222,0x11222111,0x11111111,0x12111111,0x12122222,0x20211111,
	0x11111122,0x12222211,0x21111111,0x22111111,0x22122221,0x20211111,0x20021111,0x20002122,
	0x00222221,0x22111111,0x11112222,0x22221111,0x11111111,0x11111112,0x11111111,0x22111111,
	0x00000000,0x00000022,0x02222211,0x21111111,0x11122222,0x22211111,0x12111111,0x22111111,
	0x00000000,0x00000000,0x00000000,0x00000222,0x02222111,0x21111112,0x11222221,0x22111111,
	0x00000212,0x00000022,0x00000020,0x00000020,0x00000000,0x00002222,0x22221111,0x11111122,
	0x21111200,0x02222000,0x00000000,0x00000000,0x00000000,0x00000000,0x00000000,0x00000000,
	0x11200000,0x11200000,0x11200000,0x11200000,0x12000000,0x20000000,0x00000000,0x00000000,

	0x20021111,0x20002222,0x00000002,0x00000002,0x00000021,0x00000022,0x00000000,0x00000000,
	0x20000211,0x00000211,0x00000212,0x00000020,0x00000000,0x00000000,0x00000000,0x00000000,
	0x20211111,0x20211222,0x20022112,0x20021112,0x20002220,0x20000000,0x00000000,0x00000000,
	0x22111111,0x20211111,0x20211111,0x00022222,0x00021111,0x00002111,0x00000222,0x00000000,
	0x11111111,0x11111111,0x11111111,0x11211112,0x12211122,0x20022212,0x00021112,0x00021120,
	0x12222211,0x11211111,0x11121121,0x21112121,0x02111202,0x00212000,0x00020000,0x00000000,
	0x00000000,0x00000000,0x00000000,0x00000000,0x00000000,0x00000000,0x22200000,0x11122200,
	0x00000000,0x00000000,0x00000000,0x00000000,0x00000000,0x00000000,0x00000022,0x00000002,

	0x00002200,0x00000000,0x00000000,0x00000000,0x00000000,0x00000000,0x00000000,0x00000000,
	0x02222200,0x21112000,0x12220000,0x20000000,0x00000000,0x00000000,0x00000000,0x00000000,
	0x00000000,0x00000022,0x22222211,0x11111122,0x11111200,0x11112000,0x11120000,0x11200000,
	0x20000000,0x12222000,0x11111222,0x11111111,0x11111111,0x11111111,0x11111111,0x11111111,
	0x21111122,0x21111111,0x02111111,0x00211111,0x00211111,0x00021111,0x00002111,0x00000211,
	0x12000000,0x12000000,0x20000000,0x00000000,0x00000000,0x00000000,0x00000000,0x00000000,
	0x11111111,0x11111111,0x11111111,0x11111112,0x21111112,0x21111112,0x21111120,0x02111200,
	0x00000211,0x00000021,0x00000021,0x00000002,0x00000000,0x00000000,0x00000000,0x00000000,

	0x02111200,0x02112000,0x00212000,0x00220000,0x00020000,0x00020000,0x00000000,0x00000000,
	0x21120000,0x11200000,0x12000000,0x20000000,0x20000000,0x20000000,0x20000000,0x20000000,
	0x00000022,0x00000211,0x00002111,0x00021111,0x00021111,0x00021111,0x00002111,0x00000211,
	0x00000000,0x00000000,0x00000000,0x00000000,0x00000000,0x00000000,0x00000200,0x00002120,
	0x12000000,0x12000000,0x22000000,0x02200000,0x00220000,0x00000000,0x00000000,0x00000000,
	0x00000021,0x20000002,0x00000000,0x00000000,0x00000000,0x00000000,0x00000000,0x00000000,
	0x00000222,0x00222111,0x02111122,0x21111200,0x11112000,0x11120000,0x11200000,0x12000000,
	0x00000000,0x00000000,0x00000000,0x00000000,0x00000002,0x00000221,0x00002111,0x00221111,

	0x00000000,0x00000000,0x00000000,0x00000000,0x00000000,0x00000000,0x00000000,0x00022200,
	0x00000000,0x20000000,0x20000000,0x20000000,0x20000000,0x12000000,0x11200000,0x11200000,
	0x00000212,0x00000211,0x00000211,0x00000211,0x00000211,0x00002111,0x00002111,0x00002111,
	0x00022200,0x00222220,0x02222220,0x00222220,0x00002200,0x00000000,0x00000000,0x00000000,
	0x00000000,0x00000000,0x00000000,0x00220000,0x22112000,0x11220000,0x22000000,0x00000000,
	0x00000000,0x00000000,0x00000000,0x00000000,0x00000002,0x00000002,0x00000000,0x20000000,
	0x00000000,0x00000000,0x00000000,0x00000000,0x00000000,0x00000000,0x00000222,0x20000211,
	0x00000000,0x00000000,0x00000000,0x00000000,0x00000000,0x00000000,0x22000000,0x21220000,

	0x00000000,0x00000200,0x00000220,0x00000212,0x00000212,0x00000212,0x00002112,0x00002112,
	0x22111111,0x11111112,0x11111120,0x11111200,0x22222000,0x00000000,0x00000000,0x00000000,
	0x00211122,0x22111111,0x11122111,0x22200221,0x00000002,0x00000000,0x00000000,0x00000000,
	0x00000000,0x00000000,0x00000022,0x00000002,0x00000000,0x00000000,0x00000000,0x00000000,
	0x11120000,0x11112000,0x11111200,0x11111200,0x21111200,0x02111200,0x02112000,0x02112000,
	0x00002111,0x00000211,0x00000021,0x00000002,0x00000000,0x00000000,0x00000000,0x00000000,
	0x12000022,0x20000000,0x00000000,0x00000000,0x00000000,0x00000000,0x00000000,0x00000000,
	0x00000021,0x22000002,0x11200000,0x22000000,0x00000000,0x00000000,0x00000000,0x00000000,

	0x00000000,0x02200022,0x22220021,0x22200002,0x02000000,0x00000000,0x00000000,0x00000000,
	0x12112000,0x11211220,0x11121220,0x11121120,0x21121120,0x02121120,0x00202220,0x00000000,
	0x00021112,0x20211212,0x12212221,0x22221202,0x11211200,0x11111200,0x11122200,0x12211200,
	0x00000000,0x00000222,0x22222111,0x11111111,0x11122222,0x22211111,0x11111211,0x11111221,
	0x00000000,0x00000000,0x00000000,0x00002222,0x22221111,0x11111112,0x11222221,0x22112211,
	0x00000000,0x00000000,0x00000000,0x00000000,0x00000000,0x00022222,0x22211111,0x11111122,
	0x00000000,0x00000000,0x00000000,0x00000000,0x00000000,0x00000000,0x00000002,0x00222221,
	0x21120000,0x21200000,0x22000000,0x00000000,0x00000000,0x00000000,0x00000000,0x00000000,

	0x11211120,0x21221120,0x21202200,0x02000000,0x00000000,0x00000000,0x00000000,0x00000000,
	0x11122202,0x22211200,0x11122000,0x11120000,0x22220000,0x11120000,0x11120000,0x21200000,
	0x11112211,0x11112022,0x11222021,0x11112002,0x12111202,0x12122202,0x20211202,0x20211200,
	0x12222211,0x21111111,0x22111111,0x22122221,0x20211111,0x20021111,0x20002122,0x20002211,
	0x22111111,0x11112222,0x22221111,0x11112111,0x11120212,0x11120211,0x22120021,0x20200021,
	0x00000022,0x02222211,0x21111111,0x11122222,0x22211111,0x12112111,0x22112111,0x22112211,
	0x00000000,0x00000000,0x00000222,0x02222111,0x21111112,0x11222221,0x22112111,0x11112111,
	0x00000000,0x00000000,0x00000000,0x00000000,0x00002222,0x22221111,0x11111122,0x22222211,

	0x00000000,0x00000000,0x00000000,0x00000000,0x00000000,0x00000000,0x00002222,0x00000211,
	0x21200000,0x02000000,0x00000000,0x00000000,0x00000000,0x00000000,0x00000000,0x00000000,
	0x20022000,0x00000000,0x00000000,0x00000000,0x00000000,0x00000000,0x00000000,0x00000000,
	0x00002111,0x00000212,0x00000020,0x00000000,0x00000000,0x00000000,0x00000000,0x00000000,
	0x20000002,0x20000000,0x00000000,0x00000000,0x00000000,0x00000000,0x00000000,0x00000000,
	0x20212211,0x20020021,0x00000002,0x00000000,0x00000000,0x00000000,0x00000000,0x00000000,
	0x11112211,0x11112211,0x11212022,0x12212000,0x20020000,0x00000000,0x00000000,0x00000000,
	0x20211111,0x00021222,0x00212202,0x00021202,0x00002000,0x00000000,0x00000000,0x00000000,

	0x00000000,0x00000000,0x00000000,0x00000000,0x22222200,0x11111122,0x11112220,0x11120000,
	0x00000000,0x00000000,0x00000000,0x00000000,0x00000022,0x00002211,0x00021111,0x00021111,
	0x00000000,0x22200000,0x11120000,0x11112000,0x21112000,0x02211200,0x00021120,0x00002120,
	0x00000000,0x00000002,0x00000021,0x00000221,0x00000002,0x00000000,0x00000000,0x00000000,
	0x11200000,0x12000000,0x12000000,0x20000000,0x20000000,0x20000000,0x20000000,0x20000000,
	0x00021111,0x00021111,0x00021111,0x00021111,0x00021111,0x00021111,0x00021111,0x00002111,
	0x00002120,0x00002120,0x00000220,0x00000200,0x00000000,0x00000000,0x00000000,0x00000000,
	0x20000000,0x20000000,0x20000000,0x00000000,0x00000000,0x00000000,0x00000000,0x00000000,

	0x00002111,0x00002111,0x00002111,0x00021112,0x00021120,0x00211200,0x02222000,0x00000000,
	0x00000000,0x00000000,0x00000000,0x00000000,0x22000000,0x11200000,0x11120000,0x11120000,
	0x00000000,0x00000000,0x00000000,0x00000000,0x00002222,0x00021111,0x00211111,0x02111111,
	0x11120000,0x11120000,0x11120000,0x11200000,0x22000000,0x20000000,0x20000000,0x00000000,
	0x02111111,0x02111111,0x00211111,0x00211111,0x00021111,0x00002111,0x00000211,0x00000022,
	0x00000000,0x00000000,0x00000000,0x00020000,0x00022200,0x00021120,0x00021112,0x00002111,
	0x00000000,0x22220000,0x11112200,0x11111122,0x11222222,0x12000000,0x20000000,0x20000000,
	0x00000000,0x00000000,0x00000002,0x00000021,0x00000211,0x00000211,0x00002111,0x22221111,

	0x22000000,0x11200000,0x11200000,0x11200000,0x12000000,0x20000000,0x00000000,0x00000000,
	0x00002111,0x00000211,0x00000211,0x00000211,0x00000211,0x00002111,0x00002112,0x00002112,
	0x00200000,0x02220000,0x00222000,0x00000000,0x00000000,0x00000000,0x00000000,0x00000000,
	0x00000000,0x00000000,0x00220000,0x02112000,0x00220000,0x00000000,0x00000000,0x00000000,
	0x00000000,0x00000000,0x00000000,0x00000000,0x00000000,0x00000000,0x20000000,0x00000000,
	0x00000000,0x00000000,0x00000000,0x00000000,0x00000000,0x00000222,0x00000211,0x00000022,
	0x00000000,0x00000000,0x00000000,0x00000000,0x00000000,0x02000000,0x21200000,0x12120000,
	0x00000200,0x00000220,0x00000212,0x00000212,0x00000212,0x00002112,0x00002112,0x00021112,

	0x02111112,0x00222220,0x00000000,0x00000000,0x00000000,0x00000000,0x00000000,0x00000000,
	0x00000222,0x00000002,0x00000000,0x00000000,0x00000000,0x00000000,0x00000000,0x00000000,
	0x22000000,0x11200000,0x22000000,0x00000000,0x00000000,0x00000000,0x00000000,0x00000000,
	0x02200000,0x02220002,0x00200000,0x00000000,0x00000000,0x00000000,0x00000000,0x00000000,
	0x11200000,0x11120000,0x11120000,0x21200000,0x02120000,0x00200000,0x00000000,0x00000000,
	0x00211212,0x00212221,0x00221202,0x02111200,0x00211200,0x00022200,0x00021200,0x00002000,
	0x00000220,0x22222112,0x11111112,0x21122220,0x22211120,0x20211200,0x20211200,0x20022000,
	0x00000000,0x00000000,0x00002222,0x22221111,0x11111112,0x11222221,0x22112211,0x21112021,

	0x00000000,0x00000000,0x00000000,0x00000000,0x00022222,0x22211111,0x11221122,0x12002212,
	0x00000000,0x00000000,0x00000000,0x00000000,0x00000000,0x00000002,0x00222221,0x22111111,
	0x02112002,0x00220000,0x00000000,0x00000000,0x00000000,0x00000000,0x00000000,0x00000000,
	0x20002120,0x20000200,0x20000000,0x00000000,0x00000000,0x00000000,0x00000000,0x00000000,
	0x11122222,0x22220211,0x12000021,0x12000002,0x20000000,0x00000000,0x00000000,0x00000000,
	0x02220211,0x21120021,0x11120002,0x22200002,0x00000000,0x00000000,0x00000000,0x00000000,
	0x00000000,0x00000222,0x02222111,0x21111122,0x22222200,0x02112120,0x00212120,0x00020200,
	0x00000000,0x00000000,0x00000000,0x00002222,0x22221111,0x11122122,0x22200212,0x20000212,

	0x00000000,0x00000000,0x00000000,0x00000000,0x00000000,0x00002222,0x00000211,0x00000021,
	0x00000020,0x00000000,0x00000000,0x00000000,0x00000000,0x00000000,0x00000000,0x00000000,
	0x00000000,0x00000000,0x00000000,0x00000000,0x20000000,0x12200000,0x11120000,0x21120000,
	0x00000000,0x00000000,0x00000000,0x00000000,0x00000222,0x00002111,0x00021122,0x00002200,
	0x00000000,0x00000000,0x00000000,0x00000000,0x00000200,0x00000220,0x00002112,0x00002111,
	0x21112000,0x02112000,0x00212000,0x02112000,0x02220000,0x00000000,0x00000000,0x00000000,
	0x12000000,0x11200000,0x11200000,0x11120000,0x11120000,0x11120000,0x11200000,0x12000000,
	0x00022111,0x00211111,0x02111111,0x02111111,0x02111111,0x02111111,0x02111111,0x00211111,

	0x00022222,0x00000000,0x00000000,0x00000000,0x00000000,0x00000000,0x00000000,0x00000000,
	0x00000000,0x00000000,0x00000000,0x00000000,0x00000000,0x22200000,0x11120000,0x11112000,
	0x00000000,0x00000000,0x00000000,0x00000000,0x22222000,0x11111222,0x11111111,0x11111111,
	0x00000000,0x00000000,0x22200000,0x11122220,0x11111112,0x11111111,0x11111111,0x22221111,
	0x00000000,0x22222200,0x11111122,0x11111111,0x11111111,0x22221111,0x00002222,0x00000000,
	0x00000000,0x02222222,0x21111111,0x11111111,0x11222222,0x22000000,0x00000000,0x00000000,
	0x00000000,0x00000000,0x00002222,0x22221111,0x11111111,0x11111222,0x12222000,0x20000000,
	0x00000000,0x00000000,0x00000000,0x00000000,0x00000022,0x00002211,0x00221111,0x02111112,

	0x11111200,0x11111200,0x11111200,0x11112000,0x11120000,0x22200000,0x00000000,0x00000000,
	0x11111111,0x22221111,0x00002211,0x00000021,0x00000002,0x00000000,0x00000000,0x00000000,
	0x21111220,0x11222000,0x22000000,0x00000000,0x00000000,0x00000000,0x00000000,0x00000000,
	0x00000002,0x00000021,0x00000002,0x00000000,0x00000000,0x00000000,0x00000000,0x00000000,
	0x00000000,0x22200000,0x11120000,0x11112000,0x11112000,0x11112000,0x11112000,0x11112000,
	0x00000000,0x00000222,0x00002111,0x00021111,0x00211111,0x00211111,0x00211111,0x00021111,
	0x11120000,0x12200000,0x12000000,0x12000000,0x20000000,0x20000000,0x00000000,0x00000000,
	0x00021111,0x00002111,0x00000211,0x00000021,0x00000002,0x00000000,0x00000000,0x00000000,

	0x00000200,0x00000220,0x00000212,0x00000212,0x00000212,0x00000020,0x00000000,0x00000000,
	0x00000000,0x00002000,0x00021200,0x00021200,0x00002000,0x00000000,0x00000000,0x00000000,
	0x00000220,0x00002112,0x00021112,0x20002220,0x00000000,0x20000000,0x00000000,0x00000000,
	0x00000000,0x00000000,0x00000222,0x22202111,0x11200212,0x11200021,0x22000002,0x00000000,
	0x00000000,0x00000000,0x00000000,0x00000000,0x00000222,0x00000211,0x00000022,0x00000000,
	0x00000000,0x00000000,0x00000000,0x00000000,0x00000000,0x00000000,0x00222200,0x02111120,
	0x20222200,0x20000000,0x00000000,0x00000000,0x00000000,0x00000000,0x00000000,0x00000000,
	0x00000000,0x00000220,0x02202112,0x21122120,0x02200200,0x00000000,0x00000000,0x00000000,

	0x00000000,0x00000000,0x00000000,0x00000000,0x22220000,0x11120000,0x22200000,0x00000000,
	0x00000000,0x00000000,0x00000000,0x00000000,0x00000000,0x00000002,0x00000000,0x00000000,
	0x00000000,0x00000000,0x00000000,0x00020000,0x00212000,0x00211200,0x00021120,0x00002112,
	0x00000000,0x00000000,0x00000000,0x00002220,0x22221112,0x11111111,0x11111111,0x11111111,
	0x00000000,0x00000000,0x20000000,0x12222220,0x11111112,0x11111111,0x11111111,0x22211111,
	0x12200000,0x11122000,0x11111222,0x21111111,0x02111111,0x00221111,0x00002221,0x00000002,
	0x11111111,0x21111111,0x02221112,0x00002220,0x00000000,0x00000000,0x00000000,0x00000000,
	0x00022211,0x00000022,0x00000000,0x00000000,0x00000000,0x00000000,0x00000000,0x00000000,

	0x11220000,0x11112200,0x11111120,0x11111112,0x11111112,0x11111111,0x11111111,0x11111112,
	0x22111111,0x11111111,0x11111111,0x11111111,0x11111111,0x11111111,0x22222211,0x00000021,
	0x00000022,0x00002211,0x00221111,0x02111111,0x21111111,0x11111111,0x11111122,0x11112200,
	0x11111120,0x21111200,0x02222000,0x00000000,0x00000000,0x00000000,0x00000000,0x00000000,
	0x11120000,0x12200000,0x20000000,0x00000000,0x00000000,0x00000000,0x00000000,0x00000000,
	0x00002111,0x00002111,0x00021111,0x00021112,0x00211120,0x00211200,0x02111200,0x02112000,
	0x00000000,0x00000000,0x00000000,0x00000000,0x00000000,0x00000000,0x00000220,0x00000212,
	0x02120000,0x02120000,0x02200000,0x02000000,0x00000000,0x00000000,0x00000000,0x00000000,

	0x00000000,0x00000000,0x00000000,0x00000000,0x00000000,0x22220000,0x11112220,0x11111112,
	0x00000000,0x00000000,0x00000000,0x22000000,0x11222220,0x11111112,0x22111111,0x00221111,
	0x00000000,0x22000000,0x11222000,0x21111222,0x02221111,0x00002221,0x00000002,0x00000000,
	0x21222000,0x02211222,0x00022211,0x00000022,0x00000000,0x00000000,0x00000000,0x00000000,
	0x00000000,0x00000000,0x00000000,0x22200000,0x11120000,0x11112000,0x11111200,0x11111200,
	0x00000000,0x22220000,0x11112222,0x11111111,0x11111111,0x11111111,0x11111111,0x11111111,
	0x11112222,0x11111111,0x11111111,0x11111111,0x11111111,0x22111111,0x00221111,0x00002211,
	0x11111111,0x21111111,0x02221111,0x00002111,0x00000221,0x00000002,0x00000000,0x00000000,

	0x00002221,0x00000002,0x00000000,0x00000000,0x00000000,0x00000000,0x00000000,0x00000000,
	0x11111120,0x11111120,0x11111120,0x11111200,0x11112000,0x22220000,0x00000000,0x00000000,
	0x21111111,0x02211111,0x00021111,0x00002111,0x00000222,0x00000000,0x00000000,0x00000000,
	0x00000000,0x22220000,0x11112000,0x11111200,0x11111200,0x11111200,0x11111200,0x11112000,
	0x00000000,0x00022222,0x22211111,0x11111111,0x11111111,0x11111111,0x11111111,0x11111111,
	0x00000000,0x00000000,0x00000002,0x00022221,0x22211111,0x11111111,0x11111111,0x11111111,
	0x00000000,0x00000000,0x00000000,0x00000000,0x00000000,0x00000222,0x02222111,0x21111111,
	0x11111111,0x11111112,0x22222220,0x00000000,0x00000000,0x00000000,0x00000000,0x00000000,

	0x11111111,0x11111111,0x22222222,0x00000000,0x00000000,0x00000000,0x00000000,0x00000000,
	0x11111111,0x11111111,0x11112222,0x22220000,0x00000000,0x00000000,0x00000000,0x00000000,
	0x22222111,0x11111111,0x11111111,0x22222222,0x00000000,0x00000000,0x00000000,0x00000000,
	0x00000000,0x00222222,0x22111111,0x11122222,0x22200000,0x00000000,0x00000000,0x00000000,
	0x00000000,0x00000000,0x00002222,0x22221111,0x02222222,0x00000000,0x00000000,0x00000000,
	0x00000000,0x00000000,0x00000000,0x00000000,0x00000000,0x00000222,0x00000211,0x00000021,
	0x00000000,0x00000000,0x00000000,0x00000000,0x22000000,0x11222000,0x11111222,0x21111111,
	0x11220000,0x21112000,0x02111200,0x00221122,0x00002111,0x00000211,0x00000022,0x00000000,

	0x00000000,0x00000000,0x00000000,0x22220000,0x11112200,0x11111120,0x11111112,0x11111112,
	0x00000000,0x20000000,0x12222000,0x11111222,0x11111111,0x11111111,0x11111111,0x11111111,
	0x11122200,0x11111122,0x11111111,0x11111111,0x21111111,0x02111111,0x00221111,0x00002211,
	0x02211111,0x00022111,0x00000211,0x00000022,0x00000000,0x00000000,0x00000000,0x00000000,
	0x11111112,0x11111120,0x11112200,0x22220000,0x00000000,0x00000000,0x00000000,0x00000000,
	0x11111111,0x22211111,0x00022222,0x00000000,0x00000000,0x00000000,0x00000000,0x00000000,
	0x00000000,0x00000000,0x00000000,0x00000000,0x22222000,0x11111222,0x11111111,0x21111111,
	0x00000000,0x00000000,0x22200000,0x11122220,0x21111112,0x02221111,0x00002211,0x00000022,

	0x22220000,0x02112220,0x00221112,0x00002221,0x00000002,0x00000000,0x00000000,0x00000000,
	0x11111200,0x11111120,0x11111120,0x11111120,0x11111120,0x11111200,0x11122000,0x22200000,
	0x11111111,0x11111111,0x11111111,0x11111111,0x11111111,0x22111111,0x00222221,0x00000002,
	0x11111111,0x11111111,0x11111111,0x11111111,0x22111111,0x00222222,0x00000000,0x00000000,
	0x11111111,0x11111111,0x11111111,0x22221111,0x00002222,0x00000000,0x00000000,0x00000000,
	0x00000000,0x00000000,0x00000000,0x22000000,0x11200000,0x11120000,0x11112000,0x11111200,
	0x00000000,0x00000000,0x00000000,0x00000022,0x02222211,0x21111111,0x11111111,0x11111111,
	0x00000000,0x00000000,0x00000000,0x00000000,0x00000000,0x00000002,0x00002221,0x02221111,

	0x11111111,0x11111111,0x11111111,0x11111111,0x11111112,0x22222220,0x00000000,0x00000000,
	0x21111111,0x11111111,0x11111111,0x11111111,0x11111111,0x11111122,0x22222200,0x00000000,
	0x00000222,0x22222111,0x11111111,0x11111111,0x11111111,0x11111111,0x11122222,0x22200000,
	0x00000000,0x00000000,0x00000222,0x00222111,0x22111111,0x11111111,0x11111111,0x11112222,
	0x00000000,0x00000000,0x00000000,0x00000000,0x00000000,0x00000022,0x00022211,0x22211111,
	0x11111111,0x11112222,0x12220000,0x20000000,0x00000000,0x00000000,0x00000000,0x00000000,
	0x00000022,0x00002211,0x00021111,0x02211122,0x21112200,0x22220000,0x00000000,0x00000000,
	0x00000000,0x00000000,0x00000000,0x00000000,0x22000000,0x11222000,0x22111222,0x00221111,

	0x00000000,0x00000000,0x00000000,0x00000000,0x00000222,0x00000022,0x00000000,0x00000000,
	0x00000000,0x00000000,0x00000000,0x22220000,0x11112000,0x11111200,0x11111200,0x11111200,
	0x00000000,0x00000000,0x22200000,0x11122222,0x11111111,0x11111111,0x11111111,0x11111111,
	0x00000000,0x00000000,0x22222222,0x11111111,0x11111111,0x11111111,0x11111111,0x11111111,
	0x00000000,0x22222200,0x11111122,0x11111111,0x11111111,0x11111111,0x21111111,0x02222221,
	0x00000000,0x22222222,0x11111111,0x11111111,0x11111111,0x22221111,0x00002222,0x00000000,
	0x22222222,0x11111111,0x11111111,0x21111111,0x02222211,0x00000022,0x00000000,0x00000000,
	0x11111112,0x11111111,0x22221111,0x00002222,0x00000000,0x00000000,0x00000000,0x00000000,

	0x00002211,0x00000022,0x00000000,0x00000000,0x00000000,0x00000000,0x00000000,0x00000000,
	0x11111200,0x11122000,0x22200000,0x00000000,0x00000000,0x00000000,0x00000000,0x00000000,
	0x00000000,0x00000000,0x20000000,0x12220000,0x11112200,0x22111120,0x21111112,0x11111112,
	0x00000000,0x22220000,0x11112222,0x22111111,0x00211111,0x00211112,0x00021121,0x00021212,
	0x00000000,0x00000022,0x00000002,0x00000000,0x00000000,0x00000000,0x00000000,0x00000000,
	0x20000000,0x20000000,0x20000000,0x20000000,0x00000000,0x00000000,0x00000000,0x00000000,
	0x11111111,0x11111111,0x11111111,0x11111111,0x11111112,0x11111112,0x11111120,0x11112200,
	0x00021221,0x00021211,0x00021111,0x00021111,0x00002111,0x00002111,0x00000211,0x00000022,

	0x22220000,0x11112000,0x11111200,0x11111120,0x11111120,0x11111200,0x11111200,0x11112000,
	0x00000000,0x00000000,0x00000000,0x00000222,0x00022111,0x22211111,0x11111111,0x11111111,
	0x00000000,0x00000000,0x00000000,0x00000000,0x00000000,0x00000000,0x00000222,0x22222111,
	0x11111111,0x11111112,0x12222220,0x20000000,0x00000000,0x00000000,0x00000000,0x00000000,
	0x00022221,0x22222211,0x00000022,0x00000000,0x00000000,0x00000000,0x00000000,0x00000000,
	0x00000000,0x00000000,0x00000000,0x00000000,0x00000000,0x00000000,0x20000000,0x12222000,
	0x00000000,0x00000000,0x00000000,0x00000000,0x20000000,0x12222000,0x11111222,0x11111111,
	0x00000000,0x00000000,0x00000000,0x22222200,0x11111122,0x11111111,0x11111111,0x22221111,

	0x00000000,0x00000000,0x22222200,0x11111122,0x11111111,0x11111111,0x22222211,0x00000022,
	0x00000000,0x22222000,0x11111222,0x11111111,0x22111111,0x00222222,0x00000000,0x00000000,
	0x22222000,0x11111222,0x22111111,0x00221111,0x00002222,0x00000000,0x00000000,0x00000000,
	0x00000000,0x00000222,0x00000000,0x00000000,0x00000000,0x00000000,0x00000000,0x00000000,
	0x20000000,0x12220000,0x11112000,0x11111200,0x11111120,0x11111120,0x11111200,0x11111200,
	0x11111222,0x11111111,0x11111111,0x11111111,0x11111111,0x11111111,0x22111111,0x00211111,
	0x11111111,0x11111111,0x11111111,0x22211111,0x00022211,0x00000022,0x00000000,0x00000000,
	0x22111111,0x00222111,0x00000222,0x00000000,0x00000000,0x00000000,0x00000000,0x00000000,

	0x00000000,0x00000000,0x22000000,0x11220000,0x11112000,0x11111200,0x11111120,0x11111112,
	0x00000000,0x00000000,0x00002222,0x00221111,0x02111111,0x21122221,0x11212111,0x12121111,
	0x11112000,0x22220000,0x00000000,0x00000000,0x00000000,0x00000000,0x00000000,0x00000000,
	0x00000000,0x20000000,0x20000000,0x20000000,0x20000000,0x20000000,0x20000000,0x00000000,
	0x11111112,0x11111111,0x11111111,0x11111111,0x11111111,0x11111111,0x11111111,0x11111112,
	0x21211111,0x22111111,0x21111111,0x21111111,0x11111111,0x11111111,0x11111111,0x11111111,
	0x00000021,0x00000211,0x00000211,0x00002111,0x00002111,0x00021111,0x00211111,0x22111111,
	0x11111111,0x11111111,0x11111111,0x11111111,0x22221111,0x00002222,0x00000000,0x00000000,

	0x11111111,0x11111111,0x21111111,0x02222111,0x00000222,0x00000000,0x00000000,0x00000000,
	0x00000022,0x00002211,0x00022222,0x00000000,0x00000000,0x00000000,0x00000000,0x00000000,
	0x00000000,0x00000000,0x00000000,0x00000000,0x00000000,0x20000000,0x20000000,0x12000000,
	0x22000000,0x11220000,0x11112200,0x11111120,0x11111112,0x11111111,0x11111111,0x11111111,
	0x00002222,0x22221111,0x11111111,0x11122221,0x12212111,0x21121111,0x12211111,0x12111111,
	0x00000000,0x00000000,0x22222222,0x11111111,0x11111111,0x21111111,0x02111112,0x00211112,
	0x00000000,0x00000000,0x00000000,0x00000002,0x00000002,0x00000000,0x00000000,0x00000000,
	0x12000000,0x11200000,0x11200000,0x11200000,0x11200000,0x11200000,0x11200000,0x12000000,

	0x11111111,0x11111111,0x11111111,0x11111111,0x11111111,0x11111111,0x11111111,0x11111111,
	0x21111111,0x11111111,0x11111111,0x11111111,0x11111111,0x11111111,0x11111111,0x11111111,
	0x00211121,0x00021122,0x00021121,0x00021121,0x00021111,0x00021111,0x00021111,0x00002111,
	0x11111111,0x11111111,0x11111111,0x11111111,0x11111111,0x22111111,0x00221111,0x00002222,
	0x00002111,0x00000211,0x00000211,0x00000021,0x00000002,0x00000000,0x00000000,0x00000000,
	0x00002222,0x00221111,0x22111111,0x11122221,0x12212111,0x21121111,0x12211111,0x12111111,
	0x00000000,0x00000000,0x00000000,0x00000002,0x00000021,0x00000211,0x00000212,0x00002112,
	0x00002121,0x00021122,0x00021121,0x00021121,0x00021111,0x00021111,0x00021111,0x00002111,

	0x00000000,0x00000000,0x00000000,0x00000000,0x00000000,0x00000000,0x00002222,0x00221111,
	0x00000000,0x00000000,0x00000000,0x20000000,0x20000000,0x00000000,0x00000000,0x20000000,
	0x11112200,0x11111120,0x11111112,0x11111111,0x11111111,0x11111112,0x11111112,0x11111211,
	0x22111111,0x11122221,0x12212111,0x21121111,0x12211111,0x12111111,0x21111111,0x11111111,
	0x00000000,0x00000002,0x00000021,0x00000211,0x00000212,0x00002112,0x00002121,0x00021122,
	0x12000000,0x12000000,0x11200000,0x11200000,0x11200000,0x12000000,0x12000000,0x20000000,
	0x11112211,0x11112211,0x11112211,0x11112211,0x11112021,0x11112021,0x11112021,0x11112002,
	0x11111111,0x11111111,0x11111111,0x11111111,0x11111111,0x11111111,0x11112111,0x11112211,

	0x00021121,0x00022221,0x00000211,0x00000211,0x00000211,0x00002111,0x00002111,0x00000211,
	0x11112000,0x11112000,0x11112000,0x11112000,0x11220000,0x22000000,0x00000000,0x00000000,
	0x11120211,0x11120211,0x11200211,0x22000021,0x00000021,0x00000002,0x00000000,0x00000000,
	0x00000000,0x00000000,0x00000000,0x00000000,0x00000000,0x02000000,0x21220000,0x11112200,
	0x00000000,0x00000000,0x00000000,0x00000000,0x00000000,0x00002200,0x00221120,0x22111112,
	0x11111120,0x11111112,0x11112211,0x11112021,0x11112002,0x11112000,0x21112000,0x21112000,
	0x11122221,0x12212111,0x21121111,0x12211111,0x12111112,0x21211112,0x12211112,0x20211112,
	0x00000002,0x00000021,0x00000211,0x00000212,0x00002112,0x00002121,0x00021122,0x00021121,

	0x02112000,0x02112000,0x02112000,0x00212000,0x00212000,0x00022000,0x00002000,0x00000000,
	0x00211120,0x00211120,0x00211120,0x00211120,0x00021200,0x00002000,0x00002000,0x00000000,
	0x00022222,0x00000200,0x00000000,0x00000000,0x00000000,0x00000000,0x00000000,0x00000000,
};

const unsigned int blood_blade_animMetaTiles[7500] __attribute__((aligned(4)))=
{
	0x00000000,0x00000000,0x00000000,0x00000000,0x00000000,0x00000000,0x00000000,0x00000000,
	0x00000000,0x00000000,0x00000000,0x00000000,0x00000000,0x00000000,0x00000000,0x00000000,
	0x00000000,0x00000000,0x00000000,0x00000000,0x00000000,0x00000000,0x00000000,0x00000000,
	0x00000000,0x00000000,0x00000000,0x00000000,0x00000000,0x00000000,0x00000000,0x00000000,
	0x00000000,0x00000000,0x00000000,0x00000000,0x00000000,0x00000000,0x00000000,0x00000000,
	0x00000000,0x00000000,0x00000000,0x00000000,0x00000000,0x00000000,0x00000000,0x00000000,
	0x00000000,0x00000000,0x00000000,0x00000000,0x00000000,0x00000000,0x00000000,0x00000000,
	0x00000000,0x00000000,0x00000000,0x00000000,0x00000000,0x00000001,0x00000000,0x00000000,

	0x00000000,0x00000000,0x00000000,0x00000000,0x00000000,0x00000000,0x00000000,0x00000000,
	0x00000000,0x00000000,0x00000000,0x00000000,0x00000000,0x00000000,0x00000000,0x00000000,
	0x00000000,0x00000000,0x00000000,0x00000000,0x00000000,0x00000000,0x00000000,0x00000000,
	0x00000000,0x00000000,0x00000000,0x00000000,0x00000000,0x00000000,0x00000000,0x00000000,
	0x00000000,0x00000000,0x00000000,0x00000000,0x00000000,0x00000000,0x00000000,0x00000000,
	0x00000000,0x00000000,0x00000000,0x00000000,0x00000000,0x00000000,0x00000000,0x00000000,
	0x00000000,0x00000000,0x00000000,0x00000000,0x00000000,0x00000000,0x00000000,0x00000000,
	0x00000000,0x00000000,0x00000000,0x00000000,0x00000000,0x00000000,0x00000000,0x00000000,

	0x00000000,0x00000000,0x00000000,0x00000000,0x00000000,0x00000000,0x00000000,0x00000000,
	0x00000000,0x00000000,0x00000000,0x00000000,0x00000000,0x00000000,0x00000000,0x00000000,
	0x00000000,0x00000000,0x00000000,0x00000000,0x00000000,0x00000000,0x00000000,0x00000000,
	0x00000000,0x00000000,0x00000000,0x00000000,0x00000000,0x00000000,0x00000000,0x00000000,
	0x00000000,0x00000000,0x00000000,0x00000000,0x00000000,0x00000000,0x00000000,0x00000000,
	0x00000000,0x00000000,0x00000000,0x00000000,0x00000000,0x00000000,0x00000000,0x00000000,
	0x00000000,0x00000000,0x00000000,0x00000000,0x00000000,0x00000000,0x00000000,0x00000000,
	0x00000000,0x00000000,0x00000000,0x00000000,0x00000000,0x00000000,0x00000000,0x00000000,

	0x00000000,0x00000000,0x00000000,0x00000000,0x00000000,0x00000000,0x00000000,0x00000000,
	0x00000000,0x00000000,0x00000000,0x00000000,0x00000000,0x00000000,0x00000000,0x00000000,
	0x00000000,0x00000000,0x00000000,0x00000000,0x00000000,0x00000000,0x00000000,0x00000000,
	0x00000000,0x00000000,0x00000000,0x00000000,0x00000000,0x00000000,0x00000000,0x00000000,
	0x00000000,0x00000000,0x00000000,0x00000000,0x00000000,0x00000000,0x00000000,0x00000000,
	0x00000000,0x00000000,0x00000000,0x00000000,0x00000000,0x00000000,0x00000000,0x00000000,
	0x00000000,0x00000000,0x00000000,0x00000000,0x00000000,0x00000000,0x00000000,0x00000000,
	0x00000000,0x00000000,0x00000000,0x00000000,0x00000000,0x00000000,0x00000000,0x00000000,

	0x00000000,0x00000000,0x00000000,0x00000000,0x00000000,0x00000000,0x00000000,0x00000000,
	0x00000000,0x00000000,0x00000000,0x00000000,0x00000000,0x00000000,0x00000000,0x00000000,
	0x00000000,0x00000000,0x00000000,0x00000000,0x00000000,0x00000000,0x00000000,0x00000000,
	0x00000000,0x00000000,0x00000000,0x00000000,0x00000000,0x00000000,0x00000000,0x00000000,
	0x00000000,0x00000000,0x00000000,0x00000000,0x00000000,0x00000000,0x00000000,0x00000000,
	0x00000000,0x00000000,0x00000000,0x00000000,0x00000000,0x00000000,0x00000000,0x00000000,
	0x00000000,0x00000000,0x00000000,0x00000000,0x00000000,0x00000000,0x00000000,0x00000000,
	0x00000000,0x00000000,0x00000000,0x00000000,0x00000000,0x00000000,0x00000000,0x00000000,

	0x00000000,0x00000000,0x00000000,0x00000000,0x00000000,0x00000000,0x00000000,0x00000000,
	0x00000000,0x00000000,0x00000000,0x00000000,0x00000000,0x00000000,0x00000000,0x00000000,
	0x00000000,0x00000000,0x00000000,0x00000000,0x00000000,0x00000000,0x00000000,0x00000000,
	0x00000000,0x00000000,0x00000002,0x00000000,0x00000000,0x00000000,0x00000000,0x00000000,
	0x00000000,0x00000000,0x00000000,0x00000000,0x00000000,0x00000000,0x00000000,0x00000000,
	0x00030000,0x00000004,0x00000000,0x00000000,0x00000000,0x00000000,0x00000000,0x00000000,
	0x00000000,0x00000000,0x00000000,0x00000000,0x00000000,0x00000000,0x00000000,0x00050000,
	0x00000006,0x00000000,0x00000000,0x00000000,0x00000000,0x00000000,0x00000000,0x00000000,

	0x00000000,0x00000000,0x00000000,0x00000000,0x00000000,0x00000000,0x00000000,0x00000000,
	0x00000000,0x00000000,0x00000000,0x00000000,0x00000000,0x00000000,0x00000000,0x00000000,
	0x00000000,0x00000000,0x00000000,0x00000000,0x00000000,0x00000000,0x00000000,0x00000000,
	0x00000000,0x00000000,0x00000000,0x00000000,0x00000000,0x00000000,0x00000000,0x00000000,
	0x00000000,0x00000000,0x00000000,0x00000000,0x00000000,0x00000000,0x00000000,0x00000000,
	0x00000000,0x00000000,0x00000000,0x00000000,0x00000000,0x00000000,0x00000000,0x00000000,
	0x00000000,0x00000000,0x00000000,0x00000000,0x00000000,0x00000000,0x00000000,0x00000000,
	0x00000000,0x00000000,0x00000000,0x00000000,0x00000000,0x00000000,0x00000000,0x00000000,

	0x00000000,0x00000000,0x00000000,0x00000000,0x00000000,0x00000000,0x00000000,0x00000000,
	0x00000000,0x00000000,0x00000000,0x00000000,0x00000000,0x00000000,0x00000000,0x00000000,
	0x00000000,0x00000000,0x00000000,0x00000000,0x00000000,0x00000000,0x00000000,0x00000000,
	0x00000000,0x00000000,0x00000000,0x00000000,0x00000000,0x00000000,0x00000000,0x00000000,
	0x00000000,0x00000000,0x00000000,0x00000000,0x00000000,0x00000000,0x00000000,0x00000000,
	0x00000000,0x00000000,0x00000000,0x00000000,0x00000000,0x00000000,0x00000000,0x00000000,
	0x00000000,0x00000000,0x00000000,0x00000000,0x00000000,0x00000000,0x00000000,0x00000000,
	0x00000000,0x00000000,0x00000000,0x00000000,0x00000000,0x00000000,0x00000000,0x00000000,

	0x00000000,0x00000000,0x00000000,0x00000000,0x00000000,0x00000000,0x00000000,0x00000000,
	0x00000000,0x00000000,0x00000000,0x00000000,0x00000000,0x00000000,0x00000000,0x00000000,
	0x00000000,0x00000000,0x00000000,0x00000000,0x00000000,0x00000000,0x00000000,0x00000000,
	0x00000000,0x00000000,0x00000000,0x00000000,0x00000000,0x00000000,0x00000000,0x00000000,
	0x00000000,0x00000000,0x00000000,0x00000000,0x00000000,0x00000000,0x00000000,0x00000000,
	0x00000000,0x00000000,0x00000000,0x00000000,0x00000000,0x00000000,0x00000000,0x00000000,
	0x00000000,0x00000000,0x00000000,0x00000000,0x00000000,0x00000000,0x00000000,0x00000000,
	0x00000000,0x00000000,0x00000000,0x00000000,0x00000000,0x00000000,0x00000000,0x00000000,

	0x00000000,0x00000000,0x00000000,0x00000000,0x00000000,0x00000000,0x00000000,0x00000000,
	0x00000000,0x00000000,0x00000000,0x00000000,0x00000000,0x00000000,0x00000000,0x00000000,
	0x00000000,0x00000000,0x00000000,0x00000000,0x00000000,0x00000000,0x00000000,0x00000000,
	0x00000000,0x00000000,0x00000000,0x00000000,0x00000000,0x00000000,0x00000000,0x00000000,
	0x00000000,0x00000000,0x00000000,0x00000000,0x00000000,0x00000000,0x00000000,0x00000000,
	0x00000000,0x00000000,0x00000000,0x00000000,0x00000000,0x00000000,0x00000000,0x00000000,
	0x00000000,0x00000000,0x00000000,0x00000000,0x00000000,0x00000000,0x00000000,0x00000007,
	0x00000000,0x00000000,0x00000000,0x00000000,0x00000000,0x00000000,0x00000000,0x00000000,

	0x00000000,0x00000000,0x00000000,0x00000000,0x00000000,0x00080000,0x000A0009,0x00000000,
	0x00000000,0x00000000,0x00000000,0x00000000,0x00000000,0x00000000,0x00000000,0x00000000,
	0x00000000,0x00000000,0x00000000,0x00000000,0x000B0000,0x000D000C,0x00000000,0x00000000,
	0x00000000,0x00000000,0x00000000,0x00000000,0x00000000,0x00000000,0x00000000,0x00000000,
	0x00000000,0x00000000,0x00000000,0x000E0000,0x0010000F,0x00000000,0x00000000,0x00000000,
	0x00000000,0x00000000,0x00000000,0x00000000,0x00000000,0x00000000,0x00000000,0x00000000,
	0x00000000,0x00000000,0x00110000,0x00000012,0x00000000,0x00000000,0x00000000,0x00000000,
	0x00000000,0x00000000,0x00000000,0x00000000,0x00000000,0x00000000,0x00000000,0x00000000,

	0x00000000,0x00000000,0x00000000,0x00000000,0x00000000,0x00000000,0x00000000,0x00000000,
	0x00000000,0x00000000,0x00000000,0x00000000,0x00000000,0x00000000,0x00000000,0x00000000,
	0x00000000,0x00000000,0x00000000,0x00000000,0x00000000,0x00000000,0x00000000,0x00000000,
	0x00000000,0x00000000,0x00000000,0x00000000,0x00000000,0x00000000,0x00000000,0x00000000,
	0x00000000,0x00000000,0x00000000,0x00000000,0x00000000,0x00000000,0x00000000,0x00000000,
	0x00000000,0x00000000,0x00000000,0x00000000,0x00000000,0x00000000,0x00000000,0x00000000,
	0x00000000,0x00000000,0x00000000,0x00000000,0x00000000,0x00000000,0x00000000,0x00000000,
	0x00000000,0x00000000,0x00000000,0x00000000,0x00000000,0x00000000,0x00000000,0x00000000,

	0x00000000,0x00000000,0x00000000,0x00000000,0x00000000,0x00000000,0x00000000,0x00000000,
	0x00000000,0x00000000,0x00000000,0x00000000,0x00000000,0x00000000,0x00000000,0x00000000,
	0x00000000,0x00000000,0x00000000,0x00000000,0x00000000,0x00000000,0x00000000,0x00000000,
	0x00000000,0x00000000,0x00000000,0x00000000,0x00000000,0x00000000,0x00000000,0x00000000,
	0x00000000,0x00000000,0x00000000,0x00000000,0x00000000,0x00000000,0x00000000,0x00000000,
	0x00000000,0x00000000,0x00000000,0x00000000,0x00000000,0x00000000,0x00000000,0x00000000,
	0x00000000,0x00000000,0x00000000,0x00000000,0x00000000,0x00000000,0x00000000,0x00000000,
	0x00000000,0x00000000,0x00000000,0x00000000,0x00000000,0x00000000,0x00000000,0x00000000,

	0x00000000,0x00000000,0x00000000,0x00000000,0x00000000,0x00000000,0x00000000,0x00000000,
	0x00000000,0x00000000,0x00000000,0x00000000,0x00000000,0x00000000,0x00000000,0x00000000,
	0x00000000,0x00000000,0x00000000,0x00000000,0x00000000,0x00000000,0x00000000,0x00000000,
	0x00000000,0x00000000,0x00000000,0x00000000,0x00000000,0x00000000,0x00000000,0x00000000,
	0x00000000,0x00000000,0x00000000,0x00000000,0x00000000,0x00000000,0x00000000,0x00000000,
	0x00000000,0x00000000,0x00000000,0x00000000,0x00000000,0x00000000,0x00000000,0x00000000,
	0x00000000,0x00000000,0x00000000,0x00000000,0x00000000,0x00000000,0x00000000,0x00000000,
	0x00000000,0x00000000,0x00000000,0x00000000,0x00000000,0x00000000,0x00000000,0x00000000,

	0x00000000,0x00000000,0x00000000,0x00000000,0x00000000,0x00000000,0x00000000,0x00000000,
	0x00000000,0x00000000,0x00000000,0x00000000,0x00000000,0x00000000,0x00000000,0x00000000,
	0x00000000,0x00000000,0x00000000,0x00130000,0x00150014,0x00000000,0x00000000,0x00000000,
	0x00000000,0x00000000,0x00000000,0x00000000,0x00000000,0x00000000,0x00000000,0x00000000,
	0x00000000,0x00000000,0x00170016,0x00190018,0x0000001A,0x00000000,0x00000000,0x00000000,
	0x00000000,0x00000000,0x00000000,0x00000000,0x00000000,0x00000000,0x00000000,0x00000000,
	0x00000000,0x001C001B,0x001E001D,0x0000001F,0x00000000,0x00000000,0x00000000,0x00000000,
	0x00000000,0x00000000,0x00000000,0x00000000,0x00000000,0x00000000,0x00000000,0x00000000,

	0x00210020,0x00230022,0x00000024,0x00000000,0x00000000,0x00000000,0x00000000,0x00000000,
	0x00000000,0x00000000,0x00000000,0x00000000,0x00000000,0x00000000,0x00000000,0x00260025,
	0x00280027,0x00000029,0x00000000,0x00000000,0x00000000,0x00000000,0x00000000,0x00000000,
	0x00000000,0x00000000,0x00000000,0x00000000,0x00000000,0x00000000,0x001C002A,0x002C002B,
	0x00000405,0x00000000,0x00000000,0x00000000,0x00000000,0x00000000,0x00000000,0x00000000,
	0x00000000,0x00000000,0x00000000,0x00000000,0x00000000,0x002E002D,0x042D002F,0x00000000,
	0x00000000,0x00000000,0x00000000,0x00000000,0x00000000,0x00000000,0x00000000,0x00000000,
	0x00000000,0x00000000,0x00000000,0x00000000,0x00000000,0x00000000,0x00000000,0x00000000,

	0x00000000,0x00000000,0x00000000,0x00000000,0x00000000,0x00000000,0x00000000,0x00000000,
	0x00000000,0x00000000,0x00000000,0x00000000,0x00000000,0x00000000,0x00000000,0x00000000,
	0x00000000,0x00000000,0x00000000,0x00000000,0x00000000,0x00000000,0x00000000,0x00000000,
	0x00000000,0x00000000,0x00000000,0x00000000,0x00000000,0x00000000,0x00000000,0x00000000,
	0x00000000,0x00000000,0x00000000,0x00000000,0x00000000,0x00000000,0x00000000,0x00000000,
	0x00000000,0x00000000,0x00000000,0x00000000,0x00000000,0x00000000,0x00000000,0x00000000,
	0x00000000,0x00000000,0x00000000,0x00000000,0x00000000,0x00000000,0x00000000,0x00000000,
	0x00000000,0x00000000,0x00000000,0x00000000,0x00000000,0x00000000,0x00000000,0x00000000,

	0x00000000,0x00000000,0x00000000,0x00000000,0x00000000,0x00000000,0x00000000,0x00000000,
	0x00000000,0x00000000,0x00000000,0x00000000,0x00000000,0x00000000,0x00000000,0x00000000,
	0x00000000,0x00000000,0x00000000,0x00000000,0x00000000,0x00000000,0x00000000,0x00000000,
	0x00000000,0x00000000,0x00000000,0x00000000,0x00000000,0x00000000,0x00000000,0x00000000,
	0x00000000,0x00000000,0x00000000,0x00000000,0x00000000,0x00000000,0x00000000,0x00000000,
	0x00000000,0x00000000,0x00000000,0x00000000,0x00000000,0x00000000,0x00000000,0x00000000,
	0x00000000,0x00000000,0x00000000,0x00000000,0x00000000,0x00000000,0x00000000,0x00000000,
	0x00000000,0x00000000,0x00000000,0x00000000,0x00000000,0x00000000,0x00000000,0x00000000,

	0x00000000,0x00000000,0x00000000,0x00000000,0x00000000,0x00000000,0x00000000,0x00000000,
	0x00000000,0x00000000,0x00000000,0x00000000,0x00000000,0x00000000,0x00000000,0x00000000,
	0x00000000,0x00000000,0x00000000,0x00000000,0x00000000,0x00000000,0x00000000,0x00000000,
	0x00000000,0x00000000,0x00000000,0x00000000,0x00000000,0x00000000,0x00000000,0x00000000,
	0x00000000,0x00000000,0x00000000,0x00000000,0x00000000,0x00000000,0x00000000,0x00000000,
	0x00000000,0x00000000,0x00000000,0x00000000,0x00000000,0x00000000,0x00000000,0x00000000,
	0x00000000,0x00000000,0x00000000,0x00000000,0x00000000,0x00000000,0x00000000,0x00000000,
	0x00000000,0x00000000,0x00000000,0x00000000,0x00000000,0x00000000,0x00000000,0x00300000,

	0x00320031,0x00000000,0x00000000,0x00000000,0x00000000,0x00000000,0x00000000,0x00000000,
	0x00000000,0x00000000,0x00000000,0x00000000,0x00000000,0x00000000,0x00340033,0x00360035,
	0x00000037,0x00000000,0x00000000,0x00000000,0x00000000,0x00000000,0x00000000,0x00000000,
	0x00000000,0x00000000,0x00000000,0x00000000,0x00000000,0x00390038,0x003B003A,0x0000003C,
	0x00000000,0x00000000,0x00000000,0x00000000,0x00000000,0x00000000,0x00000000,0x00000000,
	0x00000000,0x00000000,0x00000000,0x00000000,0x003E003D,0x0040003F,0x00000041,0x00000000,
	0x00000000,0x00000000,0x00000000,0x00000000,0x00000000,0x00000000,0x00000000,0x00000000,
	0x00000000,0x00000000,0x00000000,0x00430042,0x00450044,0x00000046,0x00000000,0x00000000,

	0x00000000,0x00000000,0x00000000,0x00000000,0x00000000,0x00000000,0x00000000,0x00000000,
	0x00000000,0x00000000,0x00480047,0x004A0049,0x00000000,0x00000000,0x00000000,0x00000000,
	0x00000000,0x00000000,0x00000000,0x00000000,0x00000000,0x00000000,0x00000000,0x00000000,
	0x00000000,0x004C004B,0x004E004D,0x00000000,0x00000000,0x00000000,0x00000000,0x00000000,
	0x00000000,0x00000000,0x00000000,0x00000000,0x00000000,0x00000000,0x00000000,0x00000000,
	0x00000000,0x00000000,0x00000000,0x00000000,0x00000000,0x00000000,0x00000000,0x00000000,
	0x00000000,0x00000000,0x00000000,0x00000000,0x00000000,0x00000000,0x00000000,0x00000000,
	0x00000000,0x00000000,0x00000000,0x00000000,0x00000000,0x00000000,0x00000000,0x00000000,

	0x00000000,0x00000000,0x00000000,0x00000000,0x00000000,0x00000000,0x00000000,0x00000000,
	0x00000000,0x00000000,0x00000000,0x00000000,0x00000000,0x00000000,0x00000000,0x00000000,
	0x00000000,0x00000000,0x00000000,0x00000000,0x00000000,0x00000000,0x00000000,0x00000000,
	0x00000000,0x00000000,0x00000000,0x00000000,0x00000000,0x00000000,0x00000000,0x00000000,
	0x00000000,0x00000000,0x00000000,0x00000000,0x00000000,0x00000000,0x00000000,0x00000000,
	0x00000000,0x00000000,0x00000000,0x00000000,0x00000000,0x00000000,0x00000000,0x00000000,
	0x00000000,0x00000000,0x00000000,0x00000000,0x00000000,0x00000000,0x00000000,0x00000000,
	0x00000000,0x00000000,0x00000000,0x00000000,0x00000000,0x00000000,0x00000000,0x00000000,

	0x00000000,0x00000000,0x00000000,0x00000000,0x00000000,0x00000000,0x00000000,0x00000000,
	0x00000000,0x00000000,0x00000000,0x00000000,0x00000000,0x00000000,0x00000000,0x00000000,
	0x00000000,0x00000000,0x00000000,0x00000000,0x00000000,0x00000000,0x00000000,0x00000000,
	0x00000000,0x00000000,0x00000000,0x00000000,0x00000000,0x00000000,0x00000000,0x00000000,
	0x00000000,0x00000000,0x00000000,0x00000000,0x00000000,0x00000000,0x00000000,0x00000000,
	0x00000000,0x00000000,0x00000000,0x00000000,0x00000000,0x00000000,0x00000000,0x00000000,
	0x00000000,0x00000000,0x00000000,0x00000000,0x00000000,0x00000000,0x00000000,0x00000000,
	0x00000000,0x00000000,0x00000000,0x00000000,0x00000000,0x00000000,0x00000000,0x00000000,

	0x00000000,0x00000000,0x00000000,0x00000000,0x00000000,0x00000000,0x00000000,0x00000000,
	0x00000000,0x00000000,0x00000000,0x00000000,0x00000000,0x00000000,0x00000000,0x00000000,
	0x00000000,0x00000000,0x00000000,0x00000000,0x00000000,0x00000000,0x00000000,0x00000000,
	0x00000000,0x00000000,0x00000000,0x00000000,0x00000000,0x00000000,0x00000000,0x00000000,
	0x00000000,0x00000000,0x00000000,0x00000000,0x00000000,0x00000000,0x00000000,0x00000000,
	0x00000000,0x00000000,0x00000000,0x00300000,0x0050004F,0x00000000,0x00000000,0x00000000,
	0x00000000,0x00000000,0x00000000,0x00000000,0x00000000,0x00000000,0x00000000,0x00000000,
	0x00000000,0x00000000,0x00340051,0x00360052,0x00000037,0x00000000,0x00000000,0x00000000,

	0x00000000,0x00000000,0x00000000,0x00000000,0x00000000,0x00000000,0x00000000,0x00000000,
	0x00000000,0x00540053,0x00560055,0x00000057,0x00000000,0x00000000,0x00000000,0x00000000,
	0x00000000,0x00000000,0x00000000,0x00000000,0x00000000,0x00000000,0x00000000,0x00000000,
	0x00590058,0x005B005A,0x0000005C,0x00000000,0x00000000,0x00000000,0x00000000,0x00000000,
	0x00000000,0x00000000,0x00000000,0x00000000,0x00000000,0x00000000,0x00000000,0x005D0042,
	0x005F005E,0x00000046,0x00000000,0x00000000,0x00000000,0x00000000,0x00000000,0x00000000,
	0x00000000,0x00000000,0x00000000,0x00000000,0x00000000,0x00000000,0x00610060,0x00630062,
	0x00000000,0x00000000,0x00000000,0x00000000,0x00000000,0x00000000,0x00000000,0x00000000,

	0x00000000,0x00000000,0x00000000,0x00000000,0x00000000,0x0064044E,0x00660065,0x00000000,
	0x00000000,0x00000000,0x00000000,0x00000000,0x00000000,0x00000000,0x00000000,0x00000000,
	0x00000000,0x00000000,0x00000000,0x00000000,0x00000000,0x00000000,0x00000000,0x00000000,
	0x00000000,0x00000000,0x00000000,0x00000000,0x00000000,0x00000000,0x00000000,0x00000000,
	0x00000000,0x00000000,0x00000000,0x00000000,0x00000000,0x00000000,0x00000000,0x00000000,
	0x00000000,0x00000000,0x00000000,0x00000000,0x00000000,0x00000000,0x00000000,0x00000000,
	0x00000000,0x00000000,0x00000000,0x00000000,0x00000000,0x00000000,0x00000000,0x00000000,
	0x00000000,0x00000000,0x00000000,0x00000000,0x00000000,0x00000000,0x00000000,0x00000000,

	0x00000000,0x00000000,0x00000000,0x00000000,0x00000000,0x00000000,0x00000000,0x00000000,
	0x00000000,0x00000000,0x00000000,0x00000000,0x00000000,0x00000000,0x00000000,0x00000000,
	0x00000000,0x00000000,0x00000000,0x00000000,0x00000000,0x00000000,0x00000000,0x00000000,
	0x00000000,0x00000000,0x00000000,0x00000000,0x00000000,0x00000000,0x00000000,0x00000000,
	0x00000000,0x00000000,0x00000000,0x00000000,0x00000000,0x00000000,0x00000000,0x00000000,
	0x00000000,0x00000000,0x00000000,0x00000000,0x00000000,0x00000000,0x00000000,0x00000000,
	0x00000000,0x00000000,0x00000000,0x00000000,0x00000000,0x00000000,0x00000000,0x00000000,
	0x00000000,0x00000000,0x00000000,0x00000000,0x00000000,0x00000000,0x00000000,0x00000000,

	0x00000000,0x00000000,0x00000000,0x00000000,0x00000000,0x00000000,0x00000000,0x00000000,
	0x00000000,0x00000000,0x00000000,0x00000000,0x00000000,0x00000000,0x00000000,0x00000000,
	0x00000000,0x00000000,0x00000000,0x00000000,0x00000000,0x00000000,0x00000000,0x00000000,
	0x00000000,0x00000000,0x00000000,0x00000000,0x00000000,0x00000000,0x00000000,0x00000000,
	0x00000000,0x00000000,0x00000000,0x00000000,0x00000000,0x00000000,0x00000000,0x00000000,
	0x00000000,0x00000000,0x00000000,0x00000000,0x00000000,0x00000000,0x00000000,0x00000000,
	0x00000000,0x00000000,0x00000000,0x00000000,0x00000000,0x00000000,0x00000000,0x00000000,
	0x00000000,0x00000000,0x00000000,0x00000000,0x00000000,0x00000000,0x00000000,0x00000000,

	0x00000000,0x00000000,0x00000000,0x00000000,0x00000000,0x00000000,0x00000000,0x00000000,
	0x00000000,0x00000000,0x00000000,0x00000000,0x00000000,0x00000000,0x00000000,0x00000000,
	0x00000000,0x00000000,0x00000000,0x00000000,0x00000000,0x00000000,0x00000000,0x00300000,
	0x00320067,0x00000000,0x00000000,0x00000000,0x00000000,0x00000000,0x00000000,0x00000000,
	0x00000000,0x00000000,0x00000000,0x00000000,0x00000000,0x00000000,0x00680033,0x006A0069,
	0x00000037,0x00000000,0x00000000,0x00000000,0x00000000,0x00000000,0x00000000,0x00000000,
	0x00000000,0x00000000,0x00000000,0x00000000,0x00000000,0x006C006B,0x006E006D,0x00000057,
	0x00000000,0x00000000,0x00000000,0x00000000,0x00000000,0x00000000,0x00000000,0x00000000,

	0x00000000,0x00000000,0x00000000,0x00000000,0x006F0058,0x00710070,0x00000072,0x00000000,
	0x00000000,0x00000000,0x00000000,0x00000000,0x00000000,0x00000000,0x00000000,0x00000000,
	0x00000000,0x00000000,0x00000000,0x00740073,0x00760075,0x00000077,0x00000000,0x00000000,
	0x00000000,0x00000000,0x00000000,0x00000000,0x00000000,0x00000000,0x00000000,0x00000000,
	0x00000000,0x00000000,0x04690047,0x00630078,0x00000000,0x00000000,0x00000000,0x00000000,
	0x00000000,0x00000000,0x00000000,0x00000000,0x00000000,0x00000000,0x00000000,0x00000000,
	0x00000000,0x0064044E,0x004E0079,0x00000000,0x00000000,0x00000000,0x00000000,0x00000000,
	0x00000000,0x00000000,0x00000000,0x00000000,0x00000000,0x00000000,0x00000000,0x00000000,

	0x00000000,0x00000000,0x00000000,0x00000000,0x00000000,0x00000000,0x00000000,0x00000000,
	0x00000000,0x00000000,0x00000000,0x00000000,0x00000000,0x00000000,0x00000000,0x00000000,
	0x00000000,0x00000000,0x00000000,0x00000000,0x00000000,0x00000000,0x00000000,0x00000000,
	0x00000000,0x00000000,0x00000000,0x00000000,0x00000000,0x00000000,0x00000000,0x00000000,
	0x00000000,0x00000000,0x00000000,0x00000000,0x00000000,0x00000000,0x00000000,0x00000000,
	0x00000000,0x00000000,0x00000000,0x00000000,0x00000000,0x00000000,0x00000000,0x00000000,
	0x00000000,0x00000000,0x00000000,0x00000000,0x00000000,0x00000000,0x00000000,0x00000000,
	0x00000000,0x00000000,0x00000000,0x00000000,0x00000000,0x00000000,0x00000000,0x00000000,

	0x00000000,0x00000000,0x00000000,0x00000000,0x00000000,0x00000000,0x00000000,0x00000000,
	0x00000000,0x00000000,0x00000000,0x00000000,0x00000000,0x00000000,0x00000000,0x00000000,
	0x00000000,0x00000000,0x00000000,0x00000000,0x00000000,0x00000000,0x00000000,0x00000000,
	0x00000000,0x00000000,0x00000000,0x00000000,0x00000000,0x00000000,0x00000000,0x00000000,
	0x00000000,0x00000000,0x00000000,0x00000000,0x00000000,0x00000000,0x00000000,0x00000000,
	0x00000000,0x00000000,0x00000000,0x00000000,0x00000000,0x00000000,0x00000000,0x00000000,
	0x00000000,0x00000000,0x00000000,0x00000000,0x00000000,0x00000000,0x00000000,0x00000000,
	0x00000000,0x00000000,0x00000000,0x00000000,0x00000000,0x00000000,0x00000000,0x00000000,

	0x00000000,0x00000000,0x00000000,0x00000000,0x00000000,0x00000000,0x00000000,0x00000000,
	0x00000000,0x00000000,0x00000000,0x00000000,0x00000000,0x00000000,0x00000000,0x00000000,
	0x00000000,0x00000000,0x00000000,0x00000000,0x00000000,0x00000000,0x00000000,0x00000000,
	0x00000000,0x00000000,0x00000000,0x00000000,0x00000000,0x00000000,0x00000000,0x00000000,
	0x00000000,0x00000000,0x00000000,0x00000000,0x00000000,0x00000000,0x00000000,0x00000000,
	0x00000000,0x00000000,0x00000000,0x00000000,0x00000000,0x00000000,0x00000000,0x00000000,
	0x00000000,0x00000000,0x00000000,0x00000000,0x00000000,0x00000000,0x00000000,0x00000000,
	0x00000000,0x00000000,0x00000000,0x00000000,0x00000000,0x00000000,0x00000000,0x00000000,

	0x00000000,0x00000000,0x00000000,0x007A0000,0x00320067,0x00000000,0x00000000,0x00000000,
	0x00000000,0x00000000,0x00000000,0x00000000,0x00000000,0x00000000,0x00000000,0x00000000,
	0x00000000,0x00000000,0x007B0033,0x0036007C,0x0000007D,0x00000000,0x00000000,0x00000000,
	0x00000000,0x00000000,0x00000000,0x00000000,0x00000000,0x00000000,0x00000000,0x00000000,
	0x00000000,0x007E006B,0x0080007F,0x00000081,0x00000000,0x00000000,0x00000000,0x00000000,
	0x00000000,0x00000000,0x00000000,0x00000000,0x00000000,0x00000000,0x00000000,0x00000000,
	0x00830082,0x00850084,0x00000072,0x00000000,0x00000000,0x00000000,0x00000000,0x00000000,
	0x00000000,0x00000000,0x00000000,0x00000000,0x00000000,0x00000000,0x00000000,0x00870086,

	0x00890088,0x00000046,0x00000000,0x00000000,0x00000000,0x00000000,0x00000000,0x00000000,
	0x00000000,0x00000000,0x00000000,0x00000000,0x00000000,0x00000000,0x001C0047,0x008B008A,
	0x0000008C,0x00000000,0x00000000,0x00000000,0x00000000,0x00000000,0x00000000,0x00000000,
	0x00000000,0x00000000,0x00000000,0x00000000,0x00000000,0x008D044E,0x004E008E,0x00000000,
	0x00000000,0x00000000,0x00000000,0x00000000,0x00000000,0x00000000,0x00000000,0x00000000,
	0x00000000,0x00000000,0x00000000,0x00000000,0x00000000,0x00000000,0x00000000,0x00000000,
	0x00000000,0x00000000,0x00000000,0x00000000,0x00000000,0x00000000,0x00000000,0x00000000,
	0x00000000,0x00000000,0x00000000,0x00000000,0x00000000,0x00000000,0x00000000,0x00000000,

	0x00000000,0x00000000,0x00000000,0x00000000,0x00000000,0x00000000,0x00000000,0x00000000,
	0x00000000,0x00000000,0x00000000,0x00000000,0x00000000,0x00000000,0x00000000,0x00000000,
	0x00000000,0x00000000,0x00000000,0x00000000,0x00000000,0x00000000,0x00000000,0x00000000,
	0x00000000,0x00000000,0x00000000,0x00000000,0x00000000,0x00000000,0x00000000,0x00000000,
	0x00000000,0x00000000,0x00000000,0x00000000,0x00000000,0x00000000,0x00000000,0x00000000,
	0x00000000,0x00000000,0x00000000,0x00000000,0x00000000,0x00000000,0x00000000,0x00000000,
	0x00000000,0x00000000,0x00000000,0x00000000,0x00000000,0x00000000,0x00000000,0x00000000,
	0x00000000,0x00000000,0x00000000,0x00000000,0x00000000,0x00000000,0x00000000,0x00000000,

	0x00000000,0x00000000,0x00000000,0x00000000,0x00000000,0x00000000,0x00000000,0x00000000,
	0x00000000,0x00000000,0x00000000,0x00000000,0x00000000,0x00000000,0x00000000,0x00000000,
	0x00000000,0x00000000,0x00000000,0x00000000,0x00000000,0x00000000,0x00000000,0x00000000,
	0x00000000,0x00000000,0x00000000,0x00000000,0x00000000,0x00000000,0x00000000,0x00000000,
	0x00000000,0x00000000,0x00000000,0x00000000,0x00000000,0x00000000,0x00000000,0x00000000,
	0x00000000,0x00000000,0x00000000,0x00000000,0x00000000,0x00000000,0x00000000,0x00000000,
	0x00000000,0x00000000,0x00000000,0x00000000,0x00000000,0x00000000,0x00000000,0x00000000,
	0x00000000,0x00000000,0x00000000,0x00000000,0x00000000,0x00000000,0x00000000,0x00000000,

	0x00000000,0x00000000,0x00000000,0x00000000,0x00000000,0x00000000,0x00000000,0x00000000,
	0x00000000,0x00000000,0x00000000,0x00000000,0x00000000,0x00000000,0x00000000,0x00000000,
	0x00000000,0x00000000,0x00000000,0x00000000,0x00000000,0x00000000,0x00000000,0x00000000,
	0x00000000,0x00000000,0x00000000,0x00000000,0x00000000,0x00000000,0x00000000,0x00000000,
	0x00000000,0x00000000,0x00000000,0x00000000,0x00000000,0x00000000,0x00000000,0x00000000,
	0x00000000,0x00000000,0x00000000,0x00000000,0x00000000,0x00000000,0x00000000,0x00300000,
	0x00320031,0x00000000,0x00000000,0x00000000,0x00000000,0x00000000,0x00000000,0x00000000,
	0x00000000,0x00000000,0x00000000,0x00000000,0x00000000,0x00000000,0x00340033,0x00360035,

	0x00000037,0x00000000,0x00000000,0x00000000,0x00000000,0x00000000,0x00000000,0x00000000,
	0x00000000,0x00000000,0x00000000,0x00000000,0x00000000,0x00390038,0x003B003A,0x0000003C,
	0x00000000,0x00000000,0x00000000,0x00000000,0x00000000,0x00000000,0x00000000,0x00000000,
	0x00000000,0x00000000,0x00000000,0x00000000,0x003E003D,0x0090008F,0x00920091,0x00940093,
	0x00000000,0x00000000,0x00000000,0x00000000,0x00000000,0x00000000,0x00000000,0x00000000,
	0x00000000,0x00000000,0x00000000,0x00430042,0x00960095,0x00980097,0x009A0099,0x009C009B,
	0x00000000,0x00000000,0x00000000,0x00000000,0x00000000,0x00000000,0x00000000,0x00000000,
	0x00000000,0x00000000,0x00480047,0x004A0049,0x009D0000,0x009F009E,0x000000A0,0x00000000,

	0x00000000,0x00000000,0x00000000,0x00000000,0x00000000,0x00000000,0x00000000,0x00000000,
	0x00000000,0x004C004B,0x004E004D,0x00000000,0x00000000,0x00000000,0x00000000,0x00000000,
	0x00000000,0x00000000,0x00000000,0x00000000,0x00000000,0x00000000,0x00000000,0x00000000,
	0x00000000,0x00000000,0x00000000,0x00000000,0x00000000,0x00000000,0x00000000,0x00000000,
	0x00000000,0x00000000,0x00000000,0x00000000,0x00000000,0x00000000,0x00000000,0x00000000,
	0x00000000,0x00000000,0x00000000,0x00000000,0x00000000,0x00000000,0x00000000,0x00000000,
	0x00000000,0x00000000,0x00000000,0x00000000,0x00000000,0x00000000,0x00000000,0x00000000,
	0x00000000,0x00000000,0x00000000,0x00000000,0x00000000,0x00000000,0x00000000,0x00000000,

	0x00000000,0x00000000,0x00000000,0x00000000,0x00000000,0x00000000,0x00000000,0x00000000,
	0x00000000,0x00000000,0x00000000,0x00000000,0x00000000,0x00000000,0x00000000,0x00000000,
	0x00000000,0x00000000,0x00000000,0x00000000,0x00000000,0x00000000,0x00000000,0x00000000,
	0x00000000,0x00000000,0x00000000,0x00000000,0x00000000,0x00000000,0x00000000,0x00000000,
	0x00000000,0x00000000,0x00000000,0x00000000,0x00000000,0x00000000,0x00000000,0x00000000,
	0x00000000,0x00000000,0x00000000,0x00000000,0x00000000,0x00000000,0x00000000,0x00000000,
	0x00000000,0x00000000,0x00000000,0x00000000,0x00000000,0x00000000,0x00000000,0x00000000,
	0x00000000,0x00000000,0x00000000,0x00000000,0x00000000,0x00000000,0x00000000,0x00000000,

	0x00000000,0x00000000,0x00000000,0x00000000,0x00000000,0x00000000,0x00000000,0x00000000,
	0x00000000,0x00000000,0x00000000,0x00000000,0x00000000,0x00000000,0x00000000,0x00000000,
	0x00000000,0x00000000,0x00000000,0x00000000,0x00000000,0x00000000,0x00000000,0x00000000,
	0x00000000,0x00000000,0x00000000,0x00000000,0x00000000,0x00000000,0x00000000,0x00000000,
	0x00000000,0x00000000,0x00000000,0x00000000,0x00000000,0x00000000,0x00000000,0x00000000,
	0x00000000,0x00000000,0x00000000,0x00000000,0x00000000,0x00000000,0x00000000,0x00000000,
	0x00000000,0x00000000,0x00000000,0x00000000,0x00000000,0x00000000,0x00000000,0x00000000,
	0x00000000,0x00000000,0x00000000,0x00000000,0x00000000,0x00000000,0x00000000,0x00000000,

	0x00000000,0x00000000,0x00000000,0x00000000,0x00000000,0x00000000,0x00000000,0x00000000,
	0x00000000,0x00000000,0x00000000,0x00000000,0x00000000,0x00000000,0x00000000,0x00000000,
	0x00000000,0x00000000,0x00000000,0x00000000,0x00000000,0x00000000,0x00000000,0x00000000,
	0x00000000,0x00000000,0x00000000,0x00300000,0x00320031,0x00000000,0x00000000,0x00000000,
	0x00000000,0x00000000,0x00000000,0x00000000,0x00000000,0x00000000,0x00000000,0x00000000,
	0x00000000,0x00000000,0x00340033,0x00360035,0x00000037,0x00000000,0x00000000,0x00000000,
	0x00000000,0x00000000,0x00000000,0x00000000,0x00000000,0x00000000,0x00000000,0x00000000,
	0x00000000,0x00390038,0x003B003A,0x0000003C,0x00000000,0x00000000,0x00000000,0x00000000,

	0x00000000,0x00000000,0x00000000,0x00000000,0x00000000,0x00000000,0x00000000,0x00000000,
	0x003E003D,0x00A1003F,0x000000A2,0x00000000,0x00A30000,0x00000000,0x00000000,0x00000000,
	0x00000000,0x00000000,0x00000000,0x00000000,0x00000000,0x00000000,0x00000000,0x00430042,
	0x00A40044,0x00A600A5,0x00A800A7,0x00AA00A9,0x0C9D00AB,0x00000000,0x00000000,0x00000000,
	0x00000000,0x00000000,0x00000000,0x00000000,0x00000000,0x00000000,0x00480047,0x004A0049,
	0x00000000,0x00AC0000,0x00AE00AD,0x00B000AF,0x00B200B1,0x00B400B3,0x000000B5,0x00000000,
	0x00000000,0x00000000,0x00000000,0x00000000,0x00000000,0x004C004B,0x004E004D,0x00000000,
	0x00000000,0x00B700B6,0x00B900B8,0x00BB00BA,0x00BD00BC,0x00BF00BE,0x00000000,0x00000000,

	0x00000000,0x00000000,0x00000000,0x00000000,0x00000000,0x00000000,0x00000000,0x00000000,
	0x00000000,0x00C00000,0x08300000,0x009E009D,0x004E00C1,0x00000000,0x00000000,0x00000000,
	0x00000000,0x00000000,0x00000000,0x00000000,0x00000000,0x00000000,0x00000000,0x00000000,
	0x00000000,0x00000000,0x00000000,0x00000000,0x00000000,0x00000000,0x00000000,0x00000000,
	0x00000000,0x00000000,0x00000000,0x00000000,0x00000000,0x00000000,0x00000000,0x00000000,
	0x00000000,0x00000000,0x00000000,0x00000000,0x00000000,0x00000000,0x00000000,0x00000000,
	0x00000000,0x00000000,0x00000000,0x00000000,0x00000000,0x00000000,0x00000000,0x00000000,
	0x00000000,0x00000000,0x00000000,0x00000000,0x00000000,0x00000000,0x00000000,0x00000000,

	0x00000000,0x00000000,0x00000000,0x00000000,0x00000000,0x00000000,0x00000000,0x00000000,
	0x00000000,0x00000000,0x00000000,0x00000000,0x00000000,0x00000000,0x00000000,0x00000000,
	0x00000000,0x00000000,0x00000000,0x00000000,0x00000000,0x00000000,0x00000000,0x00000000,
	0x00000000,0x00000000,0x00000000,0x00000000,0x00000000,0x00000000,0x00000000,0x00000000,
	0x00000000,0x00000000,0x00000000,0x00000000,0x00000000,0x00000000,0x00000000,0x00000000,
	0x00000000,0x00000000,0x00000000,0x00000000,0x00000000,0x00000000,0x00000000,0x00000000,
	0x00000000,0x00000000,0x00000000,0x00000000,0x00000000,0x00000000,0x00000000,0x00000000,
	0x00000000,0x00000000,0x00000000,0x00000000,0x00000000,0x00000000,0x00000000,0x00000000,

	0x00000000,0x00000000,0x00000000,0x00000000,0x00000000,0x00000000,0x00000000,0x00000000,
	0x00000000,0x00000000,0x00000000,0x00000000,0x00000000,0x00000000,0x00000000,0x00000000,
	0x00000000,0x00000000,0x00000000,0x00000000,0x00000000,0x00000000,0x00000000,0x00000000,
	0x00000000,0x00000000,0x00000000,0x00000000,0x00000000,0x00000000,0x00000000,0x00000000,
	0x00000000,0x00000000,0x00000000,0x00000000,0x00000000,0x00000000,0x00000000,0x00000000,
	0x00000000,0x00000000,0x00000000,0x00000000,0x00000000,0x00000000,0x00000000,0x00000000,
	0x00000000,0x00000000,0x00000000,0x00000000,0x00000000,0x00000000,0x00000000,0x00000000,
	0x00000000,0x00000000,0x00000000,0x00000000,0x00000000,0x00000000,0x00000000,0x00000000,

	0x00000000,0x00000000,0x00000000,0x00000000,0x00000000,0x00000000,0x00000000,0x00300000,
	0x00320031,0x00000000,0x00000000,0x00000000,0x00000000,0x00000000,0x00000000,0x00000000,
	0x00000000,0x00000000,0x00000000,0x00000000,0x00000000,0x00000000,0x00340033,0x00360035,
	0x00000037,0x00000000,0x00000000,0x00000000,0x00000000,0x00000000,0x00000000,0x00000000,
	0x00000000,0x00000000,0x00000000,0x00000000,0x00000000,0x00390038,0x003B003A,0x0000003C,
	0x00000000,0x00000000,0x00000000,0x00000000,0x00000000,0x00000000,0x00000000,0x00000000,
	0x00000000,0x00000000,0x00000000,0x00000000,0x003E003D,0x0040003F,0x00000041,0x00000000,
	0x00000000,0x00000000,0x00000000,0x00000000,0x00000000,0x00000000,0x00000000,0x00000000,

	0x00000000,0x00000000,0x00000000,0x00430042,0x00450044,0x00000046,0x00000000,0x00000000,
	0x00000000,0x00000000,0x00000000,0x00000000,0x00000000,0x00000000,0x00000000,0x00000000,
	0x00000000,0x00000000,0x00480047,0x004A0049,0x00000000,0x00000000,0x00C20000,0x00C400C3,
	0x000000C5,0x00000000,0x000000C6,0x00000000,0x00000000,0x00000000,0x00000000,0x00000000,
	0x00000000,0x004C004B,0x004E004D,0x00000000,0x00000000,0x00000000,0x0CB50000,0x00C800C7,
	0x00CA00C9,0x00CC00CB,0x009300CD,0x00000094,0x00000000,0x00000000,0x00000000,0x00000000,
	0x00000000,0x00000000,0x00000000,0x00000000,0x00000000,0x00000000,0x00000000,0x00CF00CE,
	0x00D100D0,0x00D300D2,0x00D500D4,0x00D700D6,0x000000C5,0x00000000,0x00000000,0x00000000,

	0x00000000,0x00000000,0x00000000,0x00000000,0x00000000,0x00000000,0x00D80000,0x00DA00D9,
	0x00DC00DB,0x00DE00DD,0x00E000DF,0x000000E1,0x00000000,0x00000000,0x00000000,0x00000000,
	0x00000000,0x00000000,0x00000000,0x00000000,0x00000000,0x00000000,0x00000000,0x00000000,
	0x00000000,0x08B50CB5,0x00000000,0x00000000,0x00000000,0x00000000,0x00000000,0x00000000,
	0x00000000,0x00000000,0x00000000,0x00000000,0x00000000,0x00000000,0x00000000,0x00000000,
	0x00000000,0x00000000,0x00000000,0x00000000,0x00000000,0x00000000,0x00000000,0x00000000,
	0x00000000,0x00000000,0x00000000,0x00000000,0x00000000,0x00000000,0x00000000,0x00000000,
	0x00000000,0x00000000,0x00000000,0x00000000,0x00000000,0x00000000,0x00000000,0x00000000,

	0x00000000,0x00000000,0x00000000,0x00000000,0x00000000,0x00000000,0x00000000,0x00000000,
	0x00000000,0x00000000,0x00000000,0x00000000,0x00000000,0x00000000,0x00000000,0x00000000,
	0x00000000,0x00000000,0x00000000,0x00000000,0x00000000,0x00000000,0x00000000,0x00000000,
	0x00000000,0x00000000,0x00000000,0x00000000,0x00000000,0x00000000,0x00000000,0x00000000,
	0x00000000,0x00000000,0x00000000,0x00000000,0x00000000,0x00000000,0x00000000,0x00000000,
	0x00000000,0x00000000,0x00000000,0x00000000,0x00000000,0x00000000,0x00000000,0x00000000,
	0x00000000,0x00000000,0x00000000,0x00000000,0x00000000,0x00000000,0x00000000,0x00000000,
	0x00000000,0x00000000,0x00000000,0x00000000,0x00000000,0x00000000,0x00000000,0x00000000,

	0x00000000,0x00000000,0x00000000,0x00000000,0x00000000,0x00000000,0x00000000,0x00000000,
	0x00000000,0x00000000,0x00000000,0x00000000,0x00000000,0x00000000,0x00000000,0x00000000,
	0x00000000,0x00000000,0x00000000,0x00000000,0x00000000,0x00000000,0x00000000,0x00000000,
	0x00000000,0x00000000,0x00000000,0x00000000,0x00000000,0x00000000,0x00000000,0x00000000,
	0x00000000,0x00000000,0x00000000,0x00000000,0x00000000,0x00000000,0x00000000,0x00000000,
	0x00000000,0x00000000,0x00000000,0x00000000,0x00000000,0x00000000,0x00000000,0x00000000,
	0x00000000,0x00000000,0x00000000,0x00300000,0x00320031,0x00000000,0x00000000,0x00000000,
	0x00000000,0x00000000,0x00000000,0x00000000,0x00000000,0x00000000,0x00000000,0x00000000,

	0x00000000,0x00000000,0x00340033,0x00360035,0x00000037,0x00000000,0x00000000,0x00000000,
	0x00000000,0x00000000,0x00000000,0x00000000,0x00000000,0x00000000,0x00000000,0x00000000,
	0x00000000,0x00390038,0x003B003A,0x0000003C,0x00000000,0x00000000,0x00000000,0x00000000,
	0x00000000,0x00000000,0x00000000,0x00000000,0x00000000,0x00000000,0x00000000,0x00000000,
	0x003E003D,0x0040003F,0x00000041,0x00000000,0x00000000,0x00000000,0x00000000,0x00000000,
	0x00000000,0x00000000,0x00000000,0x00000000,0x00000000,0x00000000,0x00000000,0x00430042,
	0x00450044,0x00000046,0x00000000,0x00000000,0x00000000,0x00000000,0x00000000,0x00000000,
	0x00000000,0x00000000,0x00000000,0x00000000,0x00000000,0x00000000,0x00480047,0x004A0049,

	0x00000000,0x00000000,0x00000000,0x00000000,0x00000000,0x00000000,0x00000000,0x00000000,
	0x00000000,0x00E20000,0x00000430,0x00E30000,0x00000000,0x004C004B,0x004E004D,0x00000000,
	0x00000000,0x00000000,0x00000000,0x00000000,0x00E500E4,0x000000E6,0x00000000,0x00A30000,
	0x00E800E7,0x00EA00E9,0x00EC00EB,0x00000000,0x00000000,0x00000000,0x00000000,0x00000000,
	0x00000000,0x00000000,0x00000000,0x00ED0CE6,0x00A600EE,0x00A800A7,0x00AA00A9,0x00F000EF,
	0x00F200F1,0x00F400F3,0x00000000,0x00000000,0x00000000,0x00000000,0x00000000,0x00000000,
	0x00000000,0x00000000,0x00000000,0x00000000,0x00AC0000,0x00AE00AD,0x00B000AF,0x00B200B1,
	0x00F600F5,0x000000B5,0x00000000,0x00000000,0x00000000,0x00000000,0x00000000,0x00000000,

	0x00000000,0x00000000,0x00000000,0x00000000,0x00B700B6,0x00B900B8,0x00BB00BA,0x00BD00BC,
	0x00BF00BE,0x00000000,0x00000000,0x00000000,0x00000000,0x00000000,0x00000000,0x00000000,
	0x00000000,0x00000000,0x00000000,0x00F70000,0x00F900F8,0x00FB00FA,0x009E009D,0x004E00C1,
	0x00000000,0x00000000,0x00000000,0x00000000,0x00000000,0x00000000,0x00000000,0x00000000,
	0x00000000,0x00000000,0x00000000,0x00FC0000,0x000000FD,0x00000000,0x00000000,0x00000000,
	0x00000000,0x00000000,0x00000000,0x00000000,0x00000000,0x00000000,0x00000000,0x00000000,
	0x00000000,0x00000000,0x00000000,0x000000FE,0x00000000,0x00000000,0x00000000,0x00000000,
	0x00000000,0x00000000,0x00000000,0x00000000,0x00000000,0x00000000,0x00000000,0x00000000,

	0x00000000,0x00000000,0x00000000,0x00000000,0x00000000,0x00000000,0x00000000,0x00000000,
	0x00000000,0x00000000,0x00000000,0x00000000,0x00000000,0x00000000,0x00000000,0x00000000,
	0x00000000,0x00000000,0x00000000,0x00000000,0x00000000,0x00000000,0x00000000,0x00000000,
	0x00000000,0x00000000,0x00000000,0x00000000,0x00000000,0x00000000,0x00000000,0x00000000,
	0x00000000,0x00000000,0x00000000,0x00000000,0x00000000,0x00000000,0x00000000,0x00000000,
	0x00000000,0x00000000,0x00000000,0x00000000,0x00000000,0x00000000,0x00000000,0x00000000,
	0x00000000,0x00000000,0x00000000,0x00000000,0x00000000,0x00000000,0x00000000,0x00000000,
	0x00000000,0x00000000,0x00000000,0x00000000,0x00000000,0x00000000,0x00000000,0x00000000,

	0x00000000,0x00000000,0x00000000,0x00000000,0x00000000,0x00000000,0x00000000,0x00000000,
	0x00000000,0x00000000,0x00000000,0x00000000,0x00000000,0x00000000,0x00000000,0x00000000,
	0x00000000,0x00000000,0x00000000,0x00000000,0x00000000,0x00000000,0x00000000,0x00000000,
	0x00000000,0x00000000,0x00000000,0x00000000,0x00000000,0x00000000,0x00000000,0x00300000,
	0x00320031,0x00000000,0x00000000,0x00000000,0x00000000,0x00000000,0x00000000,0x00000000,
	0x00000000,0x00000000,0x00000000,0x00000000,0x00000000,0x00000000,0x00340033,0x00360035,
	0x00000037,0x00000000,0x00000000,0x00000000,0x00000000,0x00000000,0x00000000,0x00000000,
	0x00000000,0x00000000,0x00000000,0x00000000,0x00000000,0x00390038,0x003B003A,0x0000003C,

	0x00000000,0x00000000,0x00000000,0x00000000,0x00000000,0x00000000,0x00000000,0x00000000,
	0x00000000,0x00000000,0x00000000,0x00000000,0x003E003D,0x0040003F,0x00000041,0x00000000,
	0x00000000,0x00000000,0x00000000,0x00000000,0x00000000,0x00000000,0x00000000,0x00000000,
	0x00000000,0x00000000,0x00000000,0x00430042,0x00450044,0x00000046,0x00000000,0x00000000,
	0x00000000,0x00000000,0x00000000,0x00000000,0x00000000,0x00000000,0x00FF0000,0x00000000,
	0x00000000,0x00000000,0x00480047,0x004A0049,0x00000000,0x00000000,0x00000000,0x00000000,
	0x00000000,0x00000000,0x00000000,0x00000000,0x00000000,0x01000000,0x00000101,0x01020000,
	0x00000103,0x004C004B,0x004E004D,0x00000000,0x00000000,0x00000000,0x00000000,0x00000000,

	0x01050104,0x000000B5,0x00000000,0x01060030,0x01080107,0x010A0109,0x010C010B,0x00000000,
	0x00000000,0x00000000,0x00000000,0x00000000,0x00000000,0x00000000,0x00000000,0x010E010D,
	0x0110010F,0x01120111,0x01140113,0x0C9D0115,0x010E0000,0x01170116,0x00000000,0x00000000,
	0x00000000,0x00000000,0x00000000,0x00000000,0x00000000,0x00000000,0x00000000,0x00000000,
	0x01180000,0x011A0119,0x011C011B,0x011E011D,0x0120011F,0x00000094,0x00000000,0x00000000,
	0x00000000,0x00000000,0x00000000,0x00000000,0x00000000,0x00000000,0x00000000,0x00000000,
	0x01220121,0x01240123,0x01260125,0x01280127,0x012A0129,0x00000000,0x00000000,0x00000000,
	0x00000000,0x00000000,0x00000000,0x00000000,0x00000000,0x00000000,0x00000000,0x012B0000,

	0x012D012C,0x012F012E,0x01310130,0x00000132,0x00000000,0x00000000,0x00000000,0x00000000,
	0x00000000,0x00000000,0x00000000,0x00000000,0x00000000,0x00000000,0x00000000,0x01330CB5,
	0x01350134,0x00000000,0x00000000,0x00000000,0x00000000,0x00000000,0x00000000,0x00000000,
	0x00000000,0x00000000,0x00000000,0x00000000,0x00000000,0x00000000,0x08300000,0x00000136,
	0x00000000,0x00000000,0x00000000,0x00000000,0x00000000,0x00000000,0x00000000,0x00000000,
	0x00000000,0x00000000,0x00000000,0x00000000,0x00000000,0x00000000,0x00000137,0x00000000,
	0x00000000,0x00000000,0x00000000,0x00000000,0x00000000,0x00000000,0x00000000,0x00000000,
	0x00000000,0x00000000,0x00000000,0x00000000,0x00000000,0x00000000,0x00000000,0x00000000,

	0x00000000,0x00000000,0x00000000,0x00000000,0x00000000,0x00000000,0x00000000,0x00000000,
	0x00000000,0x00000000,0x00000000,0x00000000,0x00000000,0x00000000,0x00000000,0x00000000,
	0x00000000,0x00000000,0x00000000,0x00000000,0x00000000,0x00000000,0x00000000,0x00000000,
	0x00000000,0x00000000,0x00000000,0x00000000,0x00000000,0x00000000,0x00000000,0x00000000,
	0x00000000,0x00000000,0x00000000,0x00000000,0x00000000,0x00000000,0x00000000,0x00000000,
	0x00000000,0x00000000,0x00000000,0x00000000,0x00000000,0x00000000,0x00000000,0x00000000,
	0x00000000,0x00000000,0x00000000,0x00000000,0x00000000,0x00000000,0x00000000,0x00000000,
	0x00000000,0x00000000,0x00000000,0x00000000,0x00000000,0x00000000,0x00000000,0x00000000,

	0x00000000,0x00000000,0x00000000,0x00000000,0x00000000,0x00000000,0x00000000,0x00000000,
	0x00000000,0x00000000,0x00000000,0x00130000,0x00150014,0x00000000,0x00000000,0x00000000,
	0x00000000,0x00000000,0x00000000,0x00000000,0x00000000,0x00000000,0x00000000,0x00000000,
	0x00000000,0x00000000,0x00170016,0x00190018,0x0000001A,0x00000000,0x00000000,0x00000000,
	0x00000000,0x00000000,0x00000000,0x00000000,0x00000000,0x00000000,0x00000000,0x00000000,
	0x00000000,0x001C001B,0x001E001D,0x0000001F,0x00000000,0x00000000,0x00000000,0x00000000,
	0x00000000,0x00000000,0x00000000,0x00000000,0x00000000,0x00000000,0x00000000,0x00000000,
	0x00210020,0x00230022,0x00000024,0x00000000,0x00000000,0x00000000,0x00000000,0x00000000,

	0x00000000,0x00000000,0x00000000,0x00000000,0x00000000,0x00000000,0x00000000,0x00260025,
	0x00280027,0x00000029,0x00000000,0x00000000,0x00000000,0x00000000,0x00000000,0x00000000,
	0x00000000,0x00000000,0x01390138,0x00000000,0x00000000,0x00000000,0x001C002A,0x002C002B,
	0x00000405,0x00000000,0x00000000,0x00000000,0x00000000,0x00000000,0x00000000,0x00000000,
	0x00000000,0x013B013A,0x0094013C,0x00000000,0x013E013D,0x002E002D,0x042D002F,0x00000000,
	0x00000000,0x00000000,0x00000000,0x00000000,0x0140013F,0x00940141,0x00000000,0x01430142,
	0x01450144,0x01470146,0x01490148,0x0000014A,0x00000000,0x00000000,0x00000000,0x00000000,
	0x00000000,0x00000000,0x00000000,0x00000000,0x014B0830,0x014D014C,0x014F014E,0x01510150,

	0x04300152,0x01530000,0x00000154,0x00000000,0x00000000,0x00000000,0x00000000,0x00000000,
	0x00000000,0x00000000,0x00000000,0x00000000,0x00000000,0x01560155,0x01580157,0x015A0159,
	0x015C015B,0x0094015D,0x00000000,0x00000000,0x00000000,0x00000000,0x00000000,0x00000000,
	0x00000000,0x00000000,0x00000000,0x00000000,0x0000015E,0x0160015F,0x01620161,0x01640163,
	0x0D420165,0x00000000,0x00000000,0x00000000,0x00000000,0x00000000,0x00000000,0x00000000,
	0x00000000,0x00000000,0x00000000,0x00000000,0x00000000,0x01660000,0x01680167,0x00000000,
	0x00000000,0x00000000,0x00000000,0x00000000,0x00000000,0x00000000,0x00000000,0x00000000,
	0x00000000,0x00000000,0x00000000,0x016A0169,0x016C016B,0x00000000,0x00000000,0x00000000,

	0x00000000,0x00000000,0x00000000,0x00000000,0x00000000,0x00000000,0x00000000,0x00000000,
	0x00000000,0x00000000,0x016D0000,0x016F016E,0x00000000,0x00000000,0x00000000,0x00000000,
	0x00000000,0x00000000,0x00000000,0x00000000,0x00000000,0x00000000,0x00000000,0x00000000,
	0x00000000,0x00000000,0x00000170,0x00000000,0x00000000,0x00000000,0x00000000,0x00000000,
	0x00000000,0x00000000,0x00000000,0x00000000,0x00000000,0x00000000,0x00000000,0x00000000,
	0x00000000,0x00000000,0x00000000,0x00000000,0x00000000,0x00000000,0x00000000,0x00000000,
	0x00000000,0x00000000,0x00000000,0x00000000,0x00000000,0x00000000,0x00000000,0x00000000,
	0x00000000,0x00000000,0x00000000,0x00000000,0x00000000,0x00000000,0x00000000,0x00000000,

	0x00000000,0x00000000,0x00000000,0x00000000,0x00000000,0x00000000,0x00000000,0x00000000,
	0x00000000,0x00000000,0x00000000,0x00000000,0x00000000,0x00000000,0x00000000,0x00000000,
	0x00000000,0x00000000,0x00000000,0x00000000,0x00000000,0x00000000,0x00000000,0x00000000,
	0x00000000,0x00000000,0x00000000,0x00000000,0x00000000,0x00000000,0x00000000,0x00000000,
	0x00000000,0x00000000,0x00000000,0x00000000,0x00000000,0x00000000,0x00000000,0x00000000,
	0x00000000,0x00000000,0x00000000,0x00000000,0x00000000,0x00000000,0x00000000,0x00000000,
	0x00000000,0x00000000,0x00000000,0x00000000,0x00000000,0x00000000,0x00000000,0x00000000,
	0x00000000,0x00000000,0x00000000,0x00000000,0x00000000,0x00000000,0x00000000,0x00000000,

	0x00000000,0x00000000,0x00000000,0x00000000,0x00000000,0x00000000,0x00000000,0x00000007,
	0x00000000,0x00000000,0x00000000,0x00000000,0x00000000,0x00000000,0x00000000,0x00000000,
	0x00000000,0x00000000,0x00000000,0x00000000,0x00000000,0x00080000,0x000A0009,0x00000000,
	0x00000000,0x00000000,0x00000000,0x00000000,0x00000000,0x00000000,0x00000000,0x00000000,
	0x00000000,0x00000000,0x00000000,0x00000000,0x000B0000,0x000D000C,0x00000000,0x00000000,
	0x00000000,0x00000000,0x00000000,0x00000000,0x00000000,0x00000000,0x00000000,0x0000090D,
	0x00000000,0x00000000,0x00000000,0x000E0000,0x0010000F,0x00000000,0x00000000,0x00000000,
	0x00000000,0x00000000,0x00000000,0x00000000,0x00000000,0x00000000,0x01720171,0x00000000,

	0x00000000,0x01730000,0x00110000,0x00000012,0x00000000,0x00000000,0x00000000,0x00000000,
	0x00000000,0x00000000,0x00000000,0x00000000,0x00000000,0x01750174,0x01770176,0x00000178,
	0x017A0179,0x00000000,0x00000000,0x00000000,0x00000000,0x00000000,0x00000000,0x00000000,
	0x017C017B,0x017E017D,0x00000430,0x0180017F,0x00000000,0x01810830,0x01830182,0x01850184,
	0x00000000,0x00000000,0x00000000,0x00000000,0x00000000,0x00000000,0x00000000,0x00000000,
	0x01860000,0x01880187,0x018A0189,0x018C018B,0x018E018D,0x00000000,0x0000018F,0x00000000,
	0x00000000,0x00000000,0x00000000,0x00000000,0x00000000,0x00000000,0x00000000,0x00000000,
	0x00000000,0x01900000,0x01920191,0x01940193,0x01960195,0x01980197,0x00000000,0x00000000,

	0x00000000,0x00000000,0x00000000,0x00000000,0x00000000,0x00000000,0x00000000,0x00000000,
	0x00000000,0x019A0199,0x019C019B,0x019E019D,0x004E019F,0x00000000,0x00000000,0x00000000,
	0x00000000,0x00000000,0x00000000,0x00000000,0x00000000,0x00000000,0x00000000,0x00000000,
	0x00000000,0x00000000,0x00000000,0x00000000,0x00000000,0x00000000,0x00000000,0x00000000,
	0x00000000,0x00000000,0x00000000,0x00000000,0x00000000,0x00000000,0x00000000,0x01A00000,
	0x01A201A1,0x000001A3,0x00000000,0x00000000,0x00000000,0x00000000,0x00000000,0x00000000,
	0x00000000,0x00000000,0x00000000,0x00000000,0x00000000,0x00000000,0x01A40000,0x01A601A5,
	0x00000000,0x00000000,0x00000000,0x00000000,0x00000000,0x00000000,0x00000000,0x00000000,

	0x00000000,0x00000000,0x00000000,0x00000000,0x00000000,0x01A70000,0x000001A8,0x00000000,
	0x00000000,0x00000000,0x00000000,0x00000000,0x00000000,0x00000000,0x00000000,0x00000000,
	0x00000000,0x00000000,0x00000000,0x00000000,0x00000000,0x00000000,0x00000000,0x00000000,
	0x00000000,0x00000000,0x00000000,0x00000000,0x00000000,0x00000000,0x00000000,0x00000000,
	0x00000000,0x00000000,0x00000000,0x00000000,0x00000000,0x00000000,0x00000000,0x00000000,
	0x00000000,0x00000000,0x00000000,0x00000000,0x00000000,0x00000000,0x00000000,0x00000000,
	0x00000000,0x00000000,0x00000000,0x00000000,0x00000000,0x00000000,0x00000000,0x00000000,
	0x00000000,0x00000000,0x00000000,0x00000000,0x00000000,0x00000000,0x00000000,0x00000000,

	0x00000000,0x00000000,0x00000000,0x00000000,0x00000000,0x00000000,0x00000000,0x00000000,
	0x00000000,0x00000000,0x00000000,0x00000000,0x00000000,0x00000000,0x00000000,0x00000000,
	0x00000000,0x00000000,0x00000000,0x00000000,0x00000000,0x00000000,0x00000000,0x00000000,
	0x00000000,0x00000000,0x00000000,0x00000000,0x00000000,0x00000000,0x00000000,0x00000000,
	0x00000000,0x00000000,0x00000000,0x00000000,0x00000000,0x00000000,0x00000000,0x00000000,
	0x00000000,0x00000000,0x00000000,0x00000000,0x00000000,0x00000000,0x00000000,0x00000000,
	0x00000000,0x00000000,0x00000000,0x00000000,0x00000000,0x00000000,0x00000000,0x00000000,
	0x00000000,0x00000000,0x00000000,0x00000000,0x00000000,0x00000000,0x00000000,0x00000000,

	0x00000000,0x00000000,0x00000002,0x00000000,0x00000000,0x00000000,0x00000000,0x00000000,
	0x00000000,0x00000000,0x00000000,0x00000000,0x00000000,0x00000000,0x00000000,0x00000000,
	0x00030000,0x00000004,0x00000000,0x00000000,0x00000000,0x00000000,0x00000000,0x00000000,
	0x00000000,0x00000000,0x00000000,0x01AA01A9,0x00000000,0x00000000,0x00000000,0x00050000,
	0x00000006,0x00000000,0x00000000,0x00000000,0x00000000,0x00000000,0x00000000,0x00000000,
	0x00000000,0x00000000,0x01AC01AB,0x00000000,0x00000000,0x01AD0030,0x00000000,0x00000000,
	0x00000000,0x00000000,0x00000000,0x00000000,0x00000000,0x00000000,0x00000000,0x00000000,
	0x00000000,0x0C300000,0x01AE0C8C,0x000001AF,0x01B101B0,0x00000000,0x00000000,0x00000000,

	0x00000000,0x00000000,0x00000000,0x00000000,0x01B301B2,0x01B501B4,0x00000000,0x01B701B6,
	0x00000000,0x00000000,0x000001B8,0x01B909B4,0x00000000,0x00000000,0x00000000,0x00000000,
	0x00000000,0x00000000,0x00000000,0x00000000,0x00000000,0x01BB01BA,0x01BD01BC,0x01BF01BE,
	0x01C101C0,0x000000E6,0x00000000,0x00000000,0x00000000,0x00000000,0x00000000,0x00000000,
	0x00000000,0x00000000,0x00000000,0x00000000,0x00000000,0x00000000,0x01C20000,0x01C401C3,
	0x01C601C5,0x01C801C7,0x00000000,0x00000000,0x00000000,0x00000000,0x00000000,0x00000000,
	0x00000000,0x00000000,0x00000000,0x00000000,0x00000000,0x00000000,0x00000000,0x00000000,
	0x0C3001C9,0x00000000,0x00000000,0x00000000,0x00000000,0x00000000,0x00000000,0x00000000,

	0x00000000,0x00000000,0x00000000,0x00000000,0x00000000,0x00000000,0x00000000,0x00000000,
	0x00000000,0x00000000,0x00000000,0x00000000,0x00000000,0x00000000,0x00000000,0x00000000,
	0x00000000,0x00000000,0x00000000,0x00000000,0x01CA0000,0x000001CB,0x00000000,0x00000000,
	0x00000000,0x00000000,0x00000000,0x00000000,0x00000000,0x00000000,0x00000000,0x00000000,
	0x00000000,0x00000000,0x00300000,0x01CD01CC,0x00000000,0x00000000,0x00000000,0x00000000,
	0x00000000,0x00000000,0x00000000,0x00000000,0x00000000,0x00000000,0x00000000,0x00000000,
	0x00000000,0x01CE0000,0x000001CF,0x00000000,0x00000000,0x00000000,0x00000000,0x00000000,
	0x00000000,0x00000000,0x00000000,0x00000000,0x00000000,0x00000000,0x00000000,0x00000000,

	0x08300000,0x000001D0,0x00000000,0x00000000,0x00000000,0x00000000,0x00000000,0x00000000,
	0x00000000,0x00000000,0x00000000,0x00000000,0x00000000,0x00000000,0x00000000,0x00000000,
	0x00000000,0x00000000,0x00000000,0x00000000,0x00000000,0x00000000,0x00000000,0x00000000,
	0x00000000,0x00000000,0x00000000,0x00000000,0x00000000,0x00000000,0x00000000,0x00000000,
	0x00000000,0x00000000,0x00000000,0x00000000,0x00000000,0x00000000,0x00000000,0x00000000,
	0x00000000,0x00000000,0x00000000,0x00000000,0x00000000,0x00000000,0x00000000,0x00000000,
	0x00000000,0x00000000,0x00000000,0x00000000,0x00000000,0x00000000,0x00000000,0x00000000,
	0x00000000,0x00000000,0x00000000,0x00000000,0x00000000,0x00000000,0x00000000,0x00000000,

	0x00000000,0x00000000,0x00000000,0x00000000,0x00000000,0x00000000,0x00000000,0x00000000,
	0x00000000,0x00000000,0x00000000,0x00000000,0x00000000,0x00000000,0x00000000,0x00000000,
	0x00000000,0x00000000,0x00000000,0x00000000,0x00000000,0x00000000,0x00000000,0x00000000,
	0x00000000,0x00000000,0x00000000,0x00000000,0x00000000,0x00000000,0x00000000,0x00000000,
	0x00000000,0x00000000,0x00000000,0x00000000,0x00000000,0x00000000,0x00000000,0x00000000,
	0x00000000,0x00000000,0x00000000,0x00000000,0x00000000,0x00000000,0x00000000,0x00000000,
	0x00000000,0x00000000,0x00000000,0x00000000,0x00000000,0x00000000,0x00000000,0x00000000,
	0x00000000,0x00000000,0x00000000,0x00000000,0x00000000,0x00000001,0x00000000,0x00000000,

	0x00000000,0x00000000,0x00000000,0x00000000,0x01D201D1,0x01D401D3,0x01D601D5,0x000001D7,
	0x00000000,0x00000000,0x00000000,0x00000000,0x00000000,0x00000000,0x00000000,0x00000000,
	0x00000000,0x00000000,0x00000000,0x01D901D8,0x00000894,0x00000000,0x01DB01DA,0x00000000,
	0x00000000,0x01DD01DC,0x00000000,0x00000000,0x00000000,0x00000000,0x00000000,0x00000000,
	0x00000000,0x00000000,0x00000000,0x00000000,0x00000000,0x00000000,0x00000000,0x00000000,
	0x01DF01DE,0x00000000,0x00000000,0x00000000,0x00000000,0x00000000,0x00000000,0x00000000,
	0x01B30000,0x00000000,0x00000000,0x01E00000,0x00000000,0x00000000,0x00000000,0x00000000,
	0x00000000,0x00000000,0x00000000,0x00000000,0x00000000,0x00000000,0x00000000,0x00000000,

	0x00000000,0x0DB401BA,0x01E10000,0x01E301E2,0x01E501E4,0x000000E6,0x00000000,0x00000000,
	0x00000000,0x00000000,0x00000000,0x00000000,0x00000000,0x00000000,0x00000000,0x00000000,
	0x00000000,0x00000000,0x00000000,0x01E60000,0x01E70D42,0x01E901E8,0x00000000,0x00000000,
	0x00000000,0x00000000,0x00000000,0x00000000,0x00000000,0x00000000,0x00000000,0x00000000,
	0x00000000,0x00000000,0x00000000,0x00000000,0x00000000,0x00000000,0x00000000,0x00000000,
	0x00000000,0x00000000,0x00000000,0x00000000,0x00000000,0x00000000,0x00000000,0x00000000,
	0x00000000,0x00000000,0x00000000,0x00000000,0x00000000,0x00000000,0x00000000,0x00000000,
	0x00000000,0x00000000,0x00000000,0x00000000,0x00000000,0x00000000,0x00000000,0x00000000,

	0x00000000,0x00000000,0x00000000,0x00000000,0x00000000,0x00000000,0x00000000,0x00000000,
	0x00000000,0x00000000,0x00000000,0x00000000,0x00000000,0x00000000,0x00000000,0x00000000,
	0x00000000,0x00000000,0x00000000,0x00000000,0x00000000,0x00000000,0x00000000,0x00000000,
	0x00000000,0x00000000,0x00000000,0x00000000,0x00000000,0x00300000,0x000001EA,0x00000000,
	0x00000000,0x00000000,0x00000000,0x00000000,0x00000000,0x00000000,0x00000000,0x00000000,
	0x00000000,0x00000000,0x00000000,0x01EB096D,0x01ED01EC,0x00000D42,0x00000000,0x00000000,
	0x00000000,0x00000000,0x00000000,0x00000000,0x00000000,0x00000000,0x00000000,0x00000000,
	0x00000000,0x00000000,0x01EE044E,0x000001EF,0x00000000,0x00000000,0x00000000,0x00000000,

	0x00000000,0x00000000,0x00000000,0x00000000,0x00000000,0x00000000,0x00000000,0x00000000,
	0x00000000,0x00000000,0x00000000,0x00000000,0x00000000,0x00000000,0x00000000,0x00000000,
	0x00000000,0x00000000,0x00000000,0x00000000,0x00000000,0x00000000,0x00000000,0x00000000,
	0x00000000,0x00000000,0x00000000,0x00000000,0x00000000,0x00000000,0x00000000,0x00000000,
	0x00000000,0x00000000,0x00000000,0x00000000,0x00000000,0x00000000,0x00000000,0x00000000,
	0x00000000,0x00000000,0x00000000,0x00000000,0x00000000,0x00000000,0x00000000,0x00000000,
	0x00000000,0x00000000,0x00000000,0x00000000,0x00000000,0x00000000,0x00000000,0x00000000,
	0x00000000,0x00000000,0x00000000,0x00000000,0x00000000,0x00000000,0x00000000,0x00000000,

	0x00000000,0x00000000,0x00000000,0x00000000,0x00000000,0x00000000,0x00000000,0x00000000,
	0x08C004E6,0x00000000,0x00000000,0x00000000,0x00000000,0x00000000,0x00000000,0x00000000,
	0x00000000,0x00000000,0x00000000,0x00000000,0x00000000,0x00000000,0x05410000,0x01F101F0,
	0x054201F2,0x00000000,0x00000000,0x00000000,0x00000000,0x00000000,0x00000000,0x00000000,
	0x00000000,0x00000000,0x00000000,0x00000000,0x00000000,0x00000000,0x0C3001F3,0x01F501F4,
	0x00000000,0x00000000,0x00000000,0x00000000,0x00000000,0x00000000,0x00000000,0x00000000,
	0x04E60000,0x000001F6,0x00000000,0x00000000,0x00000000,0x00000000,0x01F70000,0x00000000,
	0x00000000,0x00000000,0x00000000,0x00000000,0x00000000,0x04940000,0x01F901F8,0x01FB01FA,

	0x000008E6,0x00000000,0x00000000,0x00000000,0x00000000,0x00000000,0x00000000,0x00000000,
	0x00000000,0x00000000,0x00000000,0x01FC0000,0x01FE01FD,0x020001FF,0x00000000,0x00000000,
	0x00000000,0x00000000,0x00000000,0x00000000,0x00000000,0x00000000,0x00000000,0x00000000,
	0x00000000,0x00000000,0x02010000,0x08E60202,0x00000000,0x00000000,0x00000000,0x00000000,
	0x00000000,0x00000000,0x00000000,0x00000000,0x00000000,0x00000000,0x00000000,0x00000000,
	0x00000000,0x00000000,0x00000000,0x00000000,0x00000000,0x00000000,0x00000000,0x00000000,
	0x00000000,0x00000000,0x00000000,0x00000000,0x00000000,0x00000000,0x00000000,0x00000000,
	0x00000000,0x00000000,0x00000000,0x00000000,0x00000000,0x00000000,0x00000000,0x00000000,

	0x00000000,0x00000000,0x00000000,0x00000000,0x00000000,0x00000000,0x00000000,0x00000000,
	0x00000000,0x00000000,0x00000000,0x00000000,0x00000000,0x00000000,0x00000000,0x00000000,
	0x00000000,0x00000000,0x00000000,0x00000000,0x00000000,0x00000000,0x00000000,0x00000000,
	0x00000000,0x00000000,0x00000000,0x00000000,0x00000000,0x00000000,0x00000000,0x00000000,
	0x00000000,0x00000000,0x00000000,0x00000000,0x00000000,0x00000000,0x00000000,0x00000000,
	0x00000000,0x00000000,0x00000000,0x00000000,0x00000000,0x00000000,0x00000000,0x00000000,
	0x00000000,0x00000000,0x00000000,0x00000000,0x00000000,0x00000000,0x00000000,0x00000000,
	0x00000000,0x00000000,0x00000000,0x00000000,0x00000000,0x00000000,0x00000000,0x00000000,

	0x00000000,0x00000000,0x00000000,0x00000000,0x00000000,0x00000000,0x02040203,0x02060205,
	0x000000B5,0x00000000,0x00000000,0x00000000,0x00000000,0x00000000,0x00000000,0x00000000,
	0x00000000,0x00000000,0x00000000,0x00000000,0x00000000,0x02070532,0x02090208,0x020B020A,
	0x0000020C,0x00000000,0x00000000,0x00000000,0x00000000,0x00000000,0x00000000,0x00000000,
	0x00000000,0x00000000,0x00000000,0x00000000,0x00000000,0x00000000,0x00000000,0x00000000,
	0x00000000,0x00000000,0x00000000,0x00000000,0x00000000,0x00000000,0x00000000,0x00000000,
	0x00000000,0x00000000,0x00000000,0x00000000,0x00000000,0x00000000,0x00000000,0x00000000,
	0x00000000,0x00000000,0x00000000,0x00000000,0x00000000,0x00000000,0x00000000,0x00000000,

	0x00000000,0x00000000,0x00000000,0x00000000,0x00000000,0x00000000,0x00000000,0x00000000,
	0x00000000,0x00000000,0x00000000,0x00000000,0x00000000,0x00000000,0x00000000,0x00000000,
	0x00000000,0x00000000,0x00000000,0x00000000,0x00000000,0x00000000,0x00000000,0x00000000,
	0x00000000,0x00000000,0x00000000,0x00000000,0x00000000,0x00000000,0x00000000,0x00000000,
	0x00000000,0x00000000,0x00000000,0x00000000,0x00000000,0x00000000,0x00000000,0x00000000,
	0x00000000,0x00000000,0x00000000,0x00000000,0x00000000,0x00000000,0x00000000,0x00000000,
	0x00000000,0x00000000,0x00000000,0x00000000,0x00000000,0x00000000,0x00000000,0x00000000,
	0x00000000,0x00000000,0x00000000,0x00000000,0x00000000,0x00000000,0x00000000,0x00000000,

	0x00000000,0x00000000,0x00000000,0x020D0C4E,0x00000000,0x00000000,0x00000000,0x00000000,
	0x00000000,0x00000000,0x00000000,0x00000000,0x00000000,0x00000000,0x00000000,0x00000000,
	0x00000000,0x020E04B5,0x0C30020F,0x00000000,0x00000000,0x00000000,0x00000000,0x00000000,
	0x00000000,0x00000000,0x00000000,0x00000000,0x00000000,0x00000000,0x00000000,0x02110210,
	0x02130212,0x00000000,0x00000000,0x00000000,0x00000000,0x00000000,0x00000000,0x00000000,
	0x00000000,0x00000000,0x00000000,0x00000000,0x00000000,0x00000000,0x02150214,0x000008E6,
	0x00000000,0x00000000,0x00000000,0x00000000,0x00000000,0x00000000,0x00000000,0x00000000,
	0x00000000,0x00000000,0x00000000,0x00000000,0x00000000,0x00000000,0x00000000,0x00000000,

	0x00000000,0x00000000,0x00000000,0x0D320000,0x012D012D,0x0A080A08,0x02170216,0x0C300218,
	0x00000000,0x00000000,0x00000000,0x00000000,0x00000000,0x00000000,0x00000000,0x00000000,
	0x00000000,0x00000000,0x02190000,0x021B021A,0x0DD2021C,0x000008C5,0x00000000,0x00000000,
	0x00000000,0x00000000,0x00000000,0x00000000,0x00000000,0x00000000,0x00000000,0x00000000,
	0x00000000,0x00000000,0x00000000,0x00000000,0x00000000,0x00000000,0x00000000,0x00000000,
	0x00000000,0x00000000,0x00000000,0x00000000,0x00000000,0x00000000,0x00000000,0x00000000,
	0x00000000,0x00000000,0x00000000,0x00000000,0x00000000,0x00000000,0x00000000,0x00000000,
	0x00000000,0x00000000,0x00000000,0x00000000,0x00000000,0x00000000,0x00000000,0x00000000,

	0x00000000,0x00000000,0x021D0000,0x021F021E,0x00000000,0x00000000,0x00000000,0x00000000,
	0x00000000,0x00000000,0x00000000,0x00000000,0x00000000,0x00000000,0x00000000,0x00000000,
	0x00000000,0x09FC0000,0x02210220,0x02230222,0x00000224,0x00000000,0x00000000,0x00000000,
	0x00000000,0x00000000,0x00000000,0x00000000,0x00000000,0x00000000,0x00000000,0x00000000,
	0x00000000,0x00000000,0x0C940000,0x02260225,0x00000000,0x00000000,0x00000000,0x00000000,
	0x00000000,0x00000000,0x00000000,0x00000000,0x00000000,0x00000000,0x00000000,0x00000000,
	0x00000000,0x00000000,0x00000000,0x00000000,0x00000000,0x00000000,0x00000000,0x00000000,
	0x00000000,0x00000000,0x00000000,0x00000000,0x00000000,0x00000000,0x00000000,0x00000000,

	0x00000000,0x00000000,0x00000000,0x00000000,0x00000000,0x00000000,0x00000000,0x00000000,
	0x00000000,0x00000000,0x00000000,0x00000000,0x00000000,0x00000000,0x00000000,0x00000000,
	0x00000000,0x00000000,0x00000000,0x00000000,0x00000000,0x00000000,0x00000000,0x00000000,
	0x00000000,0x00000000,0x00000000,0x00000000,0x00000000,0x00000000,0x00000000,0x00000000,
	0x00000000,0x00000000,0x00000000,0x00000000,0x00000000,0x00000000,0x00000000,0x00000000,
	0x00000000,0x00000000,0x00000000,0x00000000,0x00000000,0x00000000,0x00000000,0x00000000,
	0x00000000,0x00000000,0x00000000,0x00000000,0x00000000,0x00000000,0x00000000,0x00000000,
	0x00000000,0x00000000,0x00000000,0x00000000,0x00000000,0x00000000,0x00000000,0x00000000,

	0x00000000,0x00000000,0x00000000,0x00000000,0x00000000,0x00000000,0x00000000,0x00000000,
	0x00000000,0x00000000,0x00000000,0x00000000,0x00000000,0x00000000,0x00000000,0x00000000,
	0x00000000,0x00000000,0x00000000,0x00000000,0x00000000,0x00000000,0x00000000,0x00000000,
	0x00000000,0x00000000,0x00000000,0x00000000,0x00000000,0x00000000,0x00000000,0x00000000,
	0x00000000,0x00000000,0x00000000,0x00000000,0x00000000,0x00000000,0x00000000,0x00000000,
	0x00000000,0x00000000,0x00000000,0x00000000,0x00000000,0x00000000,0x00000000,0x00000000,
	0x00000000,0x00000000,0x00000000,0x00000000,0x00000000,0x00000000,0x00000000,0x00000000,
	0x00000000,0x00000000,0x00000000,0x00000000,0x00000000,0x00000000,0x00000000,0x00000000,

	0x00000000,0x00000000,0x00000000,0x00000000,0x00000000,0x00000000,0x00000000,0x00000000,
	0x00000000,0x00000000,0x090E0000,0x02280227,0x00000000,0x00000000,0x00000000,0x00000000,
	0x00000000,0x00000000,0x00000000,0x00000000,0x00000000,0x00000000,0x02290000,0x022B022A,
	0x022D022C,0x022F022E,0x00000230,0x00000000,0x00000000,0x00000000,0x00000000,0x00000000,
	0x00000000,0x00000000,0x00000000,0x00000000,0x00000000,0x02310000,0x049D0531,0x00000C30,
	0x00000000,0x00000000,0x00000000,0x00000000,0x00000000,0x00000000,0x00000000,0x00000000,
	0x00000000,0x00000000,0x00000000,0x00000000,0x00000000,0x00000000,0x00000000,0x00000000,
	0x00000000,0x00000000,0x00000000,0x00000000,0x00000000,0x02320000,0x02340233,0x00000000,

	0x00000000,0x00000000,0x00000000,0x00000000,0x00000000,0x00000000,0x00000000,0x00000000,
	0x00000000,0x00000000,0x00000000,0x00000000,0x02360235,0x00000237,0x00000000,0x00000000,
	0x00000000,0x00000000,0x00000000,0x00000000,0x00000000,0x00000000,0x00000000,0x00000000,
	0x00000000,0x00000000,0x00000000,0x0C940000,0x00000000,0x02040238,0x023A0239,0x00000430,
	0x00000000,0x00000000,0x00000000,0x00000000,0x00000000,0x00000000,0x00000000,0x00000000,
	0x00000000,0x00000000,0x00000000,0x00000000,0x092D0600,0x0145023B,0x0000023C,0x00000000,
	0x00000000,0x00000000,0x00000000,0x00000000,0x00000000,0x00000000,0x00000000,0x00000000,
	0x00000000,0x00000000,0x00000000,0x00000000,0x00000000,0x00000000,0x00000000,0x00000000,

	0x00000000,0x00000000,0x00000000,0x00000000,0x00000000,0x00000000,0x00000000,0x00000000,
	0x00000000,0x00000000,0x00000000,0x00000000,0x00000000,0x00000000,0x00000000,0x00000000,
	0x00000000,0x00000000,0x00000000,0x00000000,0x00000000,0x00000000,0x00000000,0x00000000,
	0x00000000,0x00000000,0x00000000,0x00000000,0x00000000,0x00000000,0x00000000,0x00000000,
	0x00000000,0x00000000,0x00000000,0x00000000,0x00000000,0x00000000,0x00000000,0x00000000,
	0x00000000,0x00000000,0x00000000,0x00000000,0x00000000,0x00000000,0x00000000,0x00000000,
	0x00000000,0x00000000,0x00000000,0x00000000,0x00000000,0x00000000,0x00000000,0x00000000,
	0x00000000,0x00000000,0x00000000,0x00000000,0x00000000,0x00000000,0x00000000,0x00000000,

	0x00000000,0x00000000,0x00000000,0x00000000,0x00000000,0x00000000,0x00000000,0x00000000,
	0x00000000,0x00000000,0x00000000,0x00000000,0x00000000,0x00000000,0x00000000,0x00000000,
	0x00000000,0x00000000,0x00000000,0x00000000,0x00000000,0x00000000,0x00000000,0x00000000,
	0x00000000,0x00000000,0x00000000,0x00000000,0x00000000,0x00000000,0x00000000,0x00000000,
	0x00000000,0x00000000,0x00000000,0x00000000,0x00000000,0x00000000,0x00000000,0x00000000,
	0x00000000,0x00000000,0x00000000,0x00000000,0x00000000,0x00000000,0x00000000,0x00000000,
	0x00000000,0x00000000,0x00000000,0x00000000,0x00000000,0x00000000,0x00000000,0x00000000,
	0x00000000,0x00000000,0x00000000,0x00000000,0x00000000,0x00000000,0x00000000,0x00000000,

	0x00000000,0x00000000,0x00000000,0x00000000,0x00000000,0x00000000,0x00000000,0x00000000,
	0x00000000,0x00000000,0x00000000,0x00000000,0x00000000,0x00000000,0x00000000,0x00000000,
	0x00000000,0x00000000,0x00000000,0x00000000,0x00000000,0x00000000,0x00000000,0x00000000,
	0x00000000,0x00000000,0x00000000,0x00000000,0x00000000,0x00000000,0x00000000,0x00000000,
	0x00000000,0x00000000,0x00000000,0x00000000,0x00000000,0x00000000,0x00000000,0x00000000,
	0x00000000,0x00000000,0x00000000,0x00000000,0x00000000,0x00000000,0x00000000,0x00000000,
	0x00000000,0x00000000,0x00000000,0x00000000,0x00000000,0x00000000,0x00000000,0x00000000,
	0x00000000,0x00000000,0x00000000,0x00000000,0x00000000,0x00000000,0x00000000,0x00000000,

	0x00000000,0x00000000,0x00000000,0x00000000,0x00000000,0x00000000,0x00000000,0x00000000,
	0x00000000,0x00000000,0x00000000,0x00000000,0x00000000,0x00000000,0x00000000,0x00000000,
	0x00000000,0x00000000,0x00000000,0x00000000,0x00000000,0x00000000,0x00000000,0x00000000,
	0x00000000,0x00000000,0x00000000,0x00000000,0x00000000,0x00000000,0x023E023D,0x023F00EA,
	0x02410240,0x02430242,0x00000000,0x00000000,0x00000000,0x00000000,0x00000000,0x00000000,
	0x00000000,0x00000000,0x00000000,0x00000000,0x02440000,0x02460245,0x08940247,0x00000000,
	0x00000000,0x00000000,0x00000000,0x00000000,0x00000000,0x00000000,0x00000000,0x00000000,
	0x00000000,0x02490248,0x0000084E,0x024A0000,0x00000132,0x00000000,0x00000000,0x00000000,

	0x00000000,0x00000000,0x00000000,0x00000000,0x00000000,0x00000000,0x00000000,0x024B0000,
	0x024D024C,0x0000024E,0x00000000,0x00000000,0x00000000,0x00000000,0x00000000,0x00000000,
	0x00000000,0x00000000,0x00000000,0x00000000,0x00000000,0x00000000,0x00000000,0x024F0A48,
	0x02510250,0x00000000,0x00000000,0x00000000,0x00000000,0x00000000,0x00000000,0x00000000,
	0x00000000,0x00000000,0x00000000,0x00000000,0x00000000,0x00000000,0x00000000,0x00000000,
	0x00000000,0x00000000,0x00000000,0x00000000,0x00000000,0x00000000,0x00000000,0x00000000,
	0x00000000,0x00000000,0x00000000,0x00000000,0x00000000,0x00000000,0x00000000,0x00000000,
	0x00000000,0x00000000,0x00000000,0x00000000,0x00000000,0x00000000,0x00000000,0x00000000,

	0x00000000,0x00000000,0x00000000,0x00000000,0x00000000,0x00000000,0x00000000,0x00000000,
	0x00000000,0x00000000,0x00000000,0x00000000,0x00000000,0x00000000,0x00000000,0x00000000,
	0x00000000,0x00000000,0x00000000,0x00000000,0x00000000,0x00000000,0x00000000,0x00000000,
	0x00000000,0x00000000,0x00000000,0x00000000,0x00000000,0x00000000,0x00000000,0x00000000,
	0x00000000,0x00000000,0x00000000,0x00000000,0x00000000,0x00000000,0x00000000,0x00000000,
	0x00000000,0x00000000,0x00000000,0x00000000,0x00000000,0x00000000,0x00000000,0x00000000,
	0x00000000,0x00000000,0x00000000,0x00000000,0x00000000,0x00000000,0x00000000,0x00000000,
	0x00000000,0x00000000,0x00000000,0x00000000,0x00000000,0x00000000,0x00000000,0x00000000,

	0x00000000,0x00000000,0x00000000,0x00000000,0x00000000,0x00000000,0x00000000,0x00000000,
	0x00000000,0x00000000,0x00000000,0x00000000,0x00000000,0x00000000,0x00000000,0x00000000,
	0x00000000,0x00000000,0x00000000,0x00000000,0x00000000,0x00000000,0x00000000,0x00000000,
	0x00000000,0x00000000,0x00000000,0x00000000,0x00000000,0x00000000,0x00000000,0x00000000,
	0x00000000,0x00000000,0x00000000,0x00000000,0x00000000,0x00000000,0x00000000,0x00000000,
	0x00000000,0x00000000,0x00000000,0x00000000,0x00000000,0x00000000,0x00000000,0x00000000,
	0x00000000,0x00000000,0x00000000,0x00000000,0x00000000,0x00000000,0x00000000,0x00000000,
	0x00000000,0x00000000,0x00000000,0x00000000,0x00000000,0x00000000,0x00000000,0x00000000,

	0x00000000,0x00000000,0x00000000,0x00000000,0x00000000,0x00000000,0x00000000,0x00000000,
	0x00000000,0x00000000,0x00000000,0x00000000,0x00000000,0x00000000,0x00000000,0x00000000,
	0x00000000,0x00000000,0x00000000,0x00000000,0x00000000,0x00000000,0x00000000,0x00000000,
	0x00000000,0x00000000,0x00000000,0x00000000,0x00000000,0x00000000,0x00000000,0x00000000,
	0x00000000,0x00000000,0x00000000,0x00000000,0x00000000,0x00000000,0x00000000,0x00000000,
	0x00000000,0x00000000,0x00000000,0x00000000,0x00000000,0x00000000,0x00000000,0x00000000,
	0x00000000,0x00000000,0x00000000,0x00000000,0x00000000,0x00000000,0x00000000,0x00000000,
	0x00000000,0x00000000,0x00000000,0x00000000,0x00000000,0x00000000,0x00000000,0x00000000,

	0x00000000,0x00000000,0x00000000,0x00000000,0x00000000,0x00000000,0x00000000,0x00000000,
	0x00000000,0x00000000,0x00000000,0x00000000,0x00000000,0x00000000,0x00000000,0x00000000,
	0x00000000,0x00000000,0x00000000,0x00000000,0x00000000,0x00000000,0x00000000,0x00000000,
	0x00000000,0x00000000,0x00000000,0x00000000,0x00000000,0x00000000,0x00000000,0x00000000,
	0x00000000,0x00000000,0x00000000,0x00000000,0x02520000,0x02540253,0x02560255,0x00000000,
	0x00000000,0x00000000,0x00000000,0x00000000,0x00000000,0x00000000,0x00000000,0x00000000,
	0x00000000,0x00000000,0x00000000,0x02570000,0x02590258,0x0000025A,0x00000000,0x00000000,
	0x00000000,0x00000000,0x00000000,0x00000000,0x00000000,0x00000000,0x00000000,0x00000000,

	0x00000000,0x00000000,0x0A520000,0x025B0A53,0x0000025C,0x00000000,0x00000000,0x00000000,
	0x00000000,0x00000000,0x00000000,0x00000000,0x00000000,0x00000000,0x00000000,0x00000000,
	0x00000000,0x00000000,0x00000000,0x00000000,0x00000000,0x00000000,0x00000000,0x00000000,
	0x00000000,0x00000000,0x00000000,0x00000000,0x00000000,0x00000000,0x00000000,0x00000000,
	0x00000000,0x00000000,0x00000000,0x00000000,0x00000000,0x00000000,0x00000000,0x00000000,
	0x00000000,0x00000000,0x00000000,0x00000000,0x00000000,0x00000000,0x00000000,0x00000000,
	0x00000000,0x00000000,0x00000000,0x00000000,0x00000000,0x00000000,0x00000000,0x00000000,
	0x00000000,0x00000000,0x00000000,0x00000000,0x00000000,0x00000000,0x00000000,0x00000000,

	0x00000000,0x00000000,0x00000000,0x00000000,0x00000000,0x00000000,0x00000000,0x00000000,
	0x00000000,0x00000000,0x00000000,0x00000000,0x00000000,0x00000000,0x00000000,0x00000000,
	0x00000000,0x00000000,0x00000000,0x00000000,0x00000000,0x00000000,0x00000000,0x00000000,
	0x00000000,0x00000000,0x00000000,0x00000000,0x00000000,0x00000000,0x00000000,0x00000000,
	0x00000000,0x00000000,0x00000000,0x00000000,0x00000000,0x00000000,0x00000000,0x00000000,
	0x00000000,0x00000000,0x00000000,0x00000000,0x00000000,0x00000000,0x00000000,0x00000000,
	0x00000000,0x00000000,0x00000000,0x00000000,0x00000000,0x00000000,0x00000000,0x00000000,
	0x00000000,0x00000000,0x00000000,0x00000000,0x00000000,0x00000000,0x00000000,0x00000000,

	0x00000000,0x00000000,0x00000000,0x00000000,0x00000000,0x00000000,0x00000000,0x00000000,
	0x00000000,0x00000000,0x00000000,0x00000000,0x00000000,0x00000000,0x00000000,0x00000000,
	0x00000000,0x00000000,0x00000000,0x00000000,0x00000000,0x00000000,0x00000000,0x00000000,
	0x00000000,0x00000000,0x00000000,0x00000000,0x00000000,0x00000000,0x00000000,0x00000000,
	0x00000000,0x00000000,0x00000000,0x00000000,0x00000000,0x00000000,0x00000000,0x00000000,
	0x00000000,0x00000000,0x00000000,0x00000000,0x00000000,0x00000000,0x00000000,0x00000000,
	0x00000000,0x00000000,0x00000000,0x00000000,0x00000000,0x00000000,0x00000000,0x00000000,
	0x00000000,0x00000000,0x00000000,0x00000000,0x00000000,0x00000000,0x00000000,0x00000000,

	0x00000000,0x00000000,0x00000000,0x00000000,0x00000000,0x00000000,0x00000000,0x00000000,
	0x00000000,0x00000000,0x00000000,0x00000000,0x00000000,0x00000000,0x00000000,0x00000000,
	0x00000000,0x00000000,0x00000000,0x00000000,0x00000000,0x00000000,0x00000000,0x00000000,
	0x00000000,0x00000000,0x00000000,0x00000000,0x00000000,0x00000000,0x00000000,0x00000000,
	0x00000000,0x00000000,0x00000000,0x00000000,0x00000000,0x00000000,0x00000000,0x00000000,
	0x00000000,0x00000000,0x00000000,0x00000000,0x00000000,0x00000000,0x00000000,0x00000000,
	0x00000000,0x00000000,0x00000000,0x00000000,0x00000000,0x00000000,0x00000000,0x00000000,
	0x00000000,0x00000000,0x00000000,0x00000000,0x00000000,0x00000000,0x00000000,0x00000000,

	0x00000000,0x00000000,0x00000000,0x00000000,0x00000000,0x00000000,0x00000000,0x00000000,
	0x00000000,0x00000000,0x00000000,0x00000000,0x00000000,0x00000000,0x00000000,0x00000000,
	0x02520000,0x025D0253,0x0000025E,0x00000000,0x00000000,0x00000000,0x00000000,0x00000000,
	0x00000000,0x00000000,0x00000000,0x00000000,0x00000000,0x00000000,0x00000000,0x02570000,
	0x02590258,0x0000025F,0x00000000,0x00000000,0x00000000,0x00000000,0x00000000,0x00000000,
	0x00000000,0x00000000,0x00000000,0x00000000,0x00000000,0x00000000,0x0A520000,0x025B0A53,
	0x0000025C,0x00000000,0x00000000,0x00000000,0x00000000,0x00000000,0x00000000,0x00000000,
	0x00000000,0x00000000,0x00000000,0x00000000,0x00000000,0x00000000,0x00000000,0x00000000,

	0x00000000,0x00000000,0x00000000,0x00000000,0x00000000,0x00000000,0x00000000,0x00000000,
	0x00000000,0x00000000,0x00000000,0x00000000,0x00000000,0x00000000,0x00000000,0x00000000,
	0x00000000,0x00000000,0x00000000,0x00000000,0x00000000,0x00000000,0x00000000,0x00000000,
	0x00000000,0x00000000,0x00000000,0x00000000,0x00000000,0x00000000,0x00000000,0x00000000,
	0x00000000,0x00000000,0x00000000,0x00000000,0x00000000,0x00000000,0x00000000,0x00000000,
	0x00000000,0x00000000,0x00000000,0x00000000,0x00000000,0x00000000,0x00000000,0x00000000,
	0x00000000,0x00000000,0x00000000,0x00000000,0x00000000,0x00000000,0x00000000,0x00000000,
	0x00000000,0x00000000,0x00000000,0x00000000,0x00000000,0x00000000,0x00000000,0x00000000,

	0x00000000,0x00000000,0x00000000,0x00000000,0x00000000,0x00000000,0x00000000,0x00000000,
	0x00000000,0x00000000,0x00000000,0x00000000,0x00000000,0x00000000,0x00000000,0x00000000,
	0x00000000,0x00000000,0x00000000,0x00000000,0x00000000,0x00000000,0x00000000,0x00000000,
	0x00000000,0x00000000,0x00000000,0x00000000,0x00000000,0x00000000,0x00000000,0x00000000,
	0x00000000,0x00000000,0x00000000,0x00000000,0x00000000,0x00000000,0x00000000,0x00000000,
	0x00000000,0x00000000,0x00000000,0x00000000,0x00000000,0x00000000,0x00000000,0x00000000,
	0x00000000,0x00000000,0x00000000,0x00000000,0x00000000,0x00000000,0x00000000,0x00000000,
	0x00000000,0x00000000,0x00000000,0x00000000,0x00000000,0x00000000,0x00000000,0x00000000,

	0x00000000,0x00000000,0x00000000,0x00000000,0x00000000,0x00000000,0x00000000,0x00000000,
	0x00000000,0x00000000,0x00000000,0x00000000,0x00000000,0x00000000,0x00000000,0x00000000,
	0x00000000,0x00000000,0x00000000,0x00000000,0x00000000,0x00000000,0x00000000,0x00000000,
	0x00000000,0x00000000,0x00000000,0x00000000,0x00000000,0x00000000,0x00000000,0x00000000,
	0x00000000,0x00000000,0x00000000,0x00000000,0x00000000,0x00000000,0x00000000,0x00000000,
	0x00000000,0x00000000,0x00000000,0x00000000,0x00000000,0x00000000,0x00000000,0x00000000,
	0x00000000,0x00000000,0x00000000,0x00000000,0x00000000,0x00000000,0x00000000,0x00000000,
	0x00000000,0x00000000,0x00000000,0x00000000,0x00000000,0x00000000,0x00000000,0x00000000,

	0x00000000,0x00000000,0x00000000,0x00000000,0x00000000,0x00000000,0x00000000,0x00000000,
	0x00000000,0x00000000,0x00000000,0x00000000,0x00000000,0x00000000,0x00000000,0x00000000,
	0x00000000,0x00000000,0x00000000,0x00000000,0x00000000,0x00000000,0x00000000,0x00000000,
	0x00000000,0x00000000,0x00000000,0x00000000,0x00000000,0x00000000,0x00000000,0x00000000,
	0x00000000,0x00000000,0x00000000,0x00000000,0x00000000,0x00000000,0x00000000,0x00000000,
	0x00000000,0x00000000,0x00000000,0x00000000,0x00000000,0x00000000,0x02600E30,0x00000000,
	0x00000000,0x00000000,0x00000000,0x00000000,0x00000000,0x00000000,0x00000000,0x00000000,
	0x00000000,0x00000000,0x00000000,0x00000000,0x02610000,0x02630262,0x00000264,0x00000000,

	0x00000000,0x00000000,0x00000000,0x00000000,0x00000000,0x00000000,0x00000000,0x00000000,
	0x00000000,0x00000000,0x00000000,0x02650000,0x02670266,0x00000268,0x00000000,0x00000000,
	0x00000000,0x00000000,0x00000000,0x00000000,0x00000000,0x00000000,0x00000000,0x00000000,
	0x00000000,0x00000000,0x08300000,0x026A0269,0x00000D42,0x00000000,0x00000000,0x00000000,
	0x00000000,0x00000000,0x00000000,0x00000000,0x00000000,0x00000000,0x00000000,0x00000000,
	0x00000000,0x00000000,0x00000000,0x00000000,0x00000000,0x00000000,0x00000000,0x00000000,
	0x00000000,0x00000000,0x00000000,0x00000000,0x00000000,0x00000000,0x00000000,0x00000000,
	0x00000000,0x00000000,0x00000000,0x00000000,0x00000000,0x00000000,0x00000000,0x00000000,

	0x00000000,0x00000000,0x00000000,0x00000000,0x00000000,0x00000000,0x00000000,0x00000000,
	0x00000000,0x00000000,0x00000000,0x00000000,0x00000000,0x00000000,0x00000000,0x00000000,
	0x00000000,0x00000000,0x00000000,0x00000000,0x00000000,0x00000000,0x00000000,0x00000000,
	0x00000000,0x00000000,0x00000000,0x00000000,0x00000000,0x00000000,0x00000000,0x00000000,
	0x00000000,0x00000000,0x00000000,0x00000000,0x00000000,0x00000000,0x00000000,0x00000000,
	0x00000000,0x00000000,0x00000000,0x00000000,0x00000000,0x00000000,0x00000000,0x00000000,
	0x00000000,0x00000000,0x00000000,0x00000000,0x00000000,0x00000000,0x00000000,0x00000000,
	0x00000000,0x00000000,0x00000000,0x00000000,0x00000000,0x00000000,0x00000000,0x00000000,

	0x00000000,0x00000000,0x00000000,0x00000000,0x00000000,0x00000000,0x00000000,0x00000000,
	0x00000000,0x00000000,0x00000000,0x00000000,0x00000000,0x00000000,0x00000000,0x00000000,
	0x00000000,0x00000000,0x00000000,0x00000000,0x00000000,0x00000000,0x00000000,0x00000000,
	0x00000000,0x00000000,0x00000000,0x00000000,0x00000000,0x00000000,0x00000000,0x00000000,
	0x00000000,0x00000000,0x00000000,0x00000000,0x00000000,0x00000000,0x00000000,0x00000000,
	0x00000000,0x00000000,0x00000000,0x00000000,0x00000000,0x00000000,0x00000000,0x00000000,
	0x00000000,0x00000000,0x00000000,0x00000000,0x00000000,0x00000000,0x00000000,0x00000000,
	0x00000000,0x00000000,0x00000000,0x00000000,0x00000000,0x00000000,0x00000000,0x00000000,

	0x00000000,0x00000000,0x00000000,0x00000000,0x00000000,0x00000000,0x00000000,0x00000000,
	0x00000000,0x00000000,0x00000000,0x00000000,0x00000000,0x00000000,0x00000000,0x00000000,
	0x00000000,0x00000000,0x00000000,0x00000000,0x00000000,0x00000000,0x00000000,0x00000000,
	0x00000000,0x00000000,0x00000000,0x00000000,0x00000000,0x00000000,0x00000000,0x00000000,
	0x00000000,0x00000000,0x00000000,0x00000000,0x00000000,0x00000000,0x00000000,0x00000000,
	0x00000000,0x00000000,0x00000000,0x00000000,0x00000000,0x00000000,0x00000000,0x00000000,
	0x00000000,0x00000000,0x00000000,0x00000000,0x00000000,0x00000000,0x00000000,0x00000000,
	0x00000000,0x00000000,0x00000000,0x00000000,0x00000000,0x00000000,0x00000000,0x00000000,

	0x00000000,0x00000000,0x00000000,0x00000000,0x00000000,0x00000000,0x00000000,0x00000000,
	0x00000000,0x00000000,0x00000000,0x00000000,0x00000000,0x00000000,0x00000000,0x00000000,
	0x00000000,0x00000000,0x00000000,0x00000000,0x00000000,0x00000000,0x00000000,0x00000000,
	0x00000000,0x00000000,0x026C026B,0x00000000,0x00000000,0x00000000,0x00000000,0x00000000,
	0x00000000,0x00000000,0x00000000,0x00000000,0x00000000,0x00000000,0x00000000,0x00000000,
	0x048C0000,0x026E026D,0x0000026F,0x00000000,0x00000000,0x00000000,0x00000000,0x00000000,
	0x00000000,0x00000000,0x00000000,0x00000000,0x00000000,0x00000000,0x00000000,0x00000000,
	0x02710270,0x00000272,0x00000000,0x00000000,0x00000000,0x00000000,0x00000000,0x00000000,

	0x00000000,0x00000000,0x00000000,0x00000000,0x00000000,0x00000000,0x00000000,0x00000000,
	0x00000000,0x00000000,0x00000000,0x00000000,0x00000000,0x00000000,0x00000000,0x00000000,
	0x00000000,0x00000000,0x00000000,0x00000000,0x00000000,0x00000000,0x00000000,0x00000000,
	0x00000000,0x00000000,0x00000000,0x00000000,0x00000000,0x00000000,0x00000000,0x00000000,
	0x00000000,0x00000000,0x00000000,0x00000000,0x00000000,0x00000000,0x00000000,0x00000000,
	0x00000000,0x00000000,0x00000000,0x00000000,0x00000000,0x00000000,0x00000000,0x00000000,
	0x00000000,0x00000000,0x00000000,0x00000000,0x00000000,0x00000000,0x00000000,0x00000000,
	0x00000000,0x00000000,0x00000000,0x00000000,0x00000000,0x00000000,0x00000000,0x00000000,

	0x00000000,0x00000000,0x00000000,0x00000000,0x00000000,0x00000000,0x00000000,0x00000000,
	0x00000000,0x00000000,0x00000000,0x00000000,0x00000000,0x00000000,0x00000000,0x00000000,
	0x00000000,0x00000000,0x00000000,0x00000000,0x00000000,0x00000000,0x00000000,0x00000000,
	0x00000000,0x00000000,0x00000000,0x00000000,0x00000000,0x00000000,0x00000000,0x00000000,
	0x00000000,0x00000000,0x00000000,0x00000000,0x00000000,0x00000000,0x00000000,0x00000000,
	0x00000000,0x00000000,0x00000000,0x00000000,0x00000000,0x00000000,0x00000000,0x00000000,
	0x00000000,0x00000000,0x00000000,0x00000000,0x00000000,0x00000000,0x00000000,0x00000000,
	0x00000000,0x00000000,0x00000000,0x00000000,0x00000000,0x00000000,0x00000000,0x00000000,

	0x00000000,0x00000000,0x00000000,0x00000000,0x00000000,0x00000000,0x00000000,0x00000000,
	0x00000000,0x00000000,0x00000000,0x00000000,
};

const unsigned int blood_blade_animationMetaMap[13] __attribute__((aligned(4)))=
{
	0x00010000,0x00030002,0x00050004,0x00070006,0x00090008,0x000B000A,0x000D000C,0x000F000E,
	0x00110010,0x00130012,0x00150014,0x00170016,0x00000018,
};

//}}BLOCK(blood_blade_animation)
